cell_line	epitope	VgeneH	VgeneL	JgeneH	JgeneL	CDRH1	CDRH2	CDRL1	CDRL2	CDRL3	Hseq_AA	Lseq_AA	Hseq_nt	Lseq_nt
ACC1	C1(citru)	IGHV6-6	IGKV3-2	IGHJ2	IGKJ2	ASGFTFSDAWM	TGLTFDYWG	SCRASESVDNYGISSMNWF	IYAASKQGSGV	FCQQSKGVPYTFG	EVKLEESGGGLVQPGGSMKLSCAASGFTFSDAWMDWVRQSPEKGLEWVAEIRNKVNNHATNYAESVKGRFTISRDDSRSVVYLQMNNLKPEDTGIYYCTGLTFDYWGQGTTLTVSS	DIVLTQSPASLAVSLGQRATISCRASESVDNYGISSMNWFQQKAGQPPKFLIYAASKQGSGVPARFSGSGSGTDFSLIIHPVEEDDTAVYFCQQSKGVPYTFGGGTKLEIK	GAGTTCCAGCTGCAGCAGTCTGGACCTGAGCTGGTGAAGCCTGGCGCTTCAGTGAAGATATCCTGCAAGGCTTCTGGTTACTCATTCACTGACTACAACATGAACTGGGTGAAGCAGAGCAATGGAAAGAGCCTTGAGTGGATTGGAATAATTAATCCTAACTCTGGTACTACTACCTACAATCAGAAGTTCAAGGGCAAGGCCACATTGACTGTAGACCAATCTTCCAGCACAGCCTACATGCAGCTCAACAGACTGACATCTGAGGACTCTGCAGTCTATTACTGTGCAAGATTGGATGATTACAATGCTATGGACTACTGGGGTCAAGGAACCTCAGTCACCGTCTCCTCAGCCAAAACAACACCCCCATCAGTCTATCCACTGGCCCCTGGGTGTGGAGATACAACTGGTTCCTCTGTGACTCTGGGATGCCTGGTCAAGGGCTACTTCCCTGAGTCAGTGACTGTGACTTGGAACTCTGGATCCCTGTCCAGCAGTGTGCACACCTTCCCAGCTCTCCTGCAGTCTGGACTCTACACTATGAGCAGCTCAGTGACTGTCCCCTCCAGCACCTGGCCAAGTCAGACCGTCACCTGCAGCGTTGCTCACCCAGCCAGCAGCACCACGGTGGACAAAAAACTTGAGCCCAGCGGGCCCATTTCAACAATCAACCCCTGTCCTCCATGC	CAAATTGTTCTCACCCAGTCTCCAGCACTCATGTCTGCATCTCCAGGGGAGAAGGTCACCATGACCTGCAGTGCCAGCTCAAGTGTAAGTTACATGTACTGGTACCAGCAGAAGCCAAGATCCTCCCCCAAACCCTGGATTTATCTCACATCCAACCTGGCTTCTGGAGTCCCTGCTCGCTTCAGTGGCAGTGGGTCTGGGACCTCTTACTCTCTCACAATCAGCAGCATGGAGGCTGAAGATGCTGCCACTTATTACTGCCAGCAGTGGAGTAGTAATCCATTCACGTTCGGCTCGGGGACAAAGTTGGAAATAAAACGGGCTGATGCTGCACCAACTGTATCCATCTTCCCACCATCCAGTGAGCAGTTAACATCTGGAGGTGCCTCAGTCGTGTGCTTCTTGAACAACTTCTACCCCAAAGACATCAATGTCAAGTGGAAGATTGATGGCAGTGAACGACAAAATGGCGTCCTGAACAGTTGGACTGATCAGGACAGCAAAGACAGCACCTACAGCATGAGCAGCACCCTCACGTTGACCAAGGACGAGTATGAACGACATAACAGCTATACCTGTGAGGCCACTCACAAGACATCAACTTCACCCATTGTCAAGAGCTTCAACAGGAATGAGTGT
ACC2	C1(citru)	IGHV1-64	IGKV2-109	IGHJ3	IGKJ1	ASGYTFTDYWM	VPSLVGDWG	ISCRSSKSLLHSNGITYLYW	LIFQMSNLASG	YYCAQNLELPWTFG	QVQLQQPGAELVKPGASVKLSCKASGYTFTDYWMHWVMQRPGQGLEWIGMIHPNSGNSRYSEKFKSRATLTVDKSSSTAYMQLSSLTSEDSAVYYCVPSLVGDWGQGTLVTVSA	EIMMTQAAFSNPVTLGTSASISCRSSKSLLHSNGITYLYWYLQKPGQSPQLLIFQMSNLASGVPDRFSSSGSGTDFTLRISRVEAEDVGVYYCAQNLELPWTFGGGTKLEIK	GAGTTCCAGCTGCAGCAGTCTGGACCTGAGCTGGTGAAGCCTGGCGCTTCAGTGAAGATATCCTGCAAGGCTTCTGGTTACTCATTCACTGACTACAACATGAACTGGGTGAAGCAGAGCAATGGAAAGAGCCTTGAGTGGATTGGAATAATTAATCCTAACTCTGGTACTACTACCTACAATCAGAAGTTCAAGGGCAAGGCCACATTGACTGTAGACCAATCTTCCAGCACAGCCTACATGCAGCTCAACAGACTGACATCTGAGGACTCTGCAGTCTATTACTGTGCAAGATTGGATGATTACAATGCTATGGACTACTGGGGTCAAGGAACCTCAGTCACCGTCTCCTCAGCCAAAACAACACCCCCATCAGTCTATCCACTGGCCCCTGGGTGTGGAGATACAACTGGTTCCTCTGTGACTCTGGGATGCCTGGTCAAGGGCTACTTCCCTGAGTCAGTGACTGTGACTTGGAACTCTGGATCCCTGTCCAGCAGTGTGCACACCTTCCCAGCTCTCCTGCAGTCTGGACTCTACACTATGAGCAGCTCAGTGACTGTCCCCTCCAGCACCTGGCCAAGTCAGACCGTCACCTGCAGCGTTGCTCACCCAGCCAGCAGCACCACGGTGGACAAAAAACTTGAGCCCAGCGGGCCCATTTCAACAATCAACCCCTGTCCTCCATGC	CAAATTGTTCTCACCCAGTCTCCAGCACTCATGTCTGCATCTCCAGGGGAGAAGGTCACCATGACCTGCAGTGCCAGCTCAAGTGTAAGTTACATGTACTGGTACCAGCAGAAGCCAAGATCCTCCCCCAAACCCTGGATTTATCTCACATCCAACCTGGCTTCTGGAGTCCCTGCTCGCTTCAGTGGCAGTGGGTCTGGGACCTCTTACTCTCTCACAATCAGCAGCATGGAGGCTGAAGATGCTGCCACTTATTACTGCCAGCAGTGGAGTAGTAATCCATTCACGTTCGGCTCGGGGACAAAGTTGGAAATAAAACGGGCTGATGCTGCACCAACTGTATCCATCTTCCCACCATCCAGTGAGCAGTTAACATCTGGAGGTGCCTCAGTCGTGTGCTTCTTGAACAACTTCTACCCCAAAGACATCAATGTCAAGTGGAAGATTGATGGCAGTGAACGACAAAATGGCGTCCTGAACAGTTGGACTGATCAGGACAGCAAAGACAGCACCTACAGCATGAGCAGCACCCTCACGTTGACCAAGGACGAGTATGAACGACATAACAGCTATACCTGTGAGGCCACTCACAAGACATCAACTTCACCCATTGTCAAGAGCTTCAACAGGAATGAGTGT
ACC3	C1(citru)	IGHV1-64	IGKV2-109	IGHJ3	IGKJ1	ASGYTFTDYWM	VPSLVGDWG	ISCRSSKSLLHSNGITYLYW	LIFQMSNLASG	YYCAQNLELPWTFG	QVQLQQPGAELVKPGASVKLSCKASGYTFTDYWMHWVMQRPGQGLEWIGMIHPNSGNSRYSEKFKSRATLTVDKSSSTAYMQLSSLTSEDSAVYYCVPSLVGDWGQGTLVTVSA	EIMMTQAAFSNPVTLGTSASISCRSSKSLLHSNGITYLYWYLQKPGQSPQLLIFQMSNLASGVPDRFSSSGSGTDFTLRISRVEAEDVGVYYCAQNLELPWTFGGGTKLEIK	GAGTTCCAGCTGCAGCAGTCTGGACCTGAGCTGGTGAAGCCTGGCGCTTCAGTGAAGATATCCTGCAAGGCTTCTGGTTACTCATTCACTGACTACAACATGAACTGGGTGAAGCAGAGCAATGGAAAGAGCCTTGAGTGGATTGGAATAATTAATCCTAACTCTGGTACTACTACCTACAATCAGAAGTTCAAGGGCAAGGCCACATTGACTGTAGACCAATCTTCCAGCACAGCCTACATGCAGCTCAACAGACTGACATCTGAGGACTCTGCAGTCTATTACTGTGCAAGATTGGATGATTACAATGCTATGGACTACTGGGGTCAAGGAACCTCAGTCACCGTCTCCTCAGCCAAAACAACACCCCCATCAGTCTATCCACTGGCCCCTGGGTGTGGAGATACAACTGGTTCCTCTGTGACTCTGGGATGCCTGGTCAAGGGCTACTTCCCTGAGTCAGTGACTGTGACTTGGAACTCTGGATCCCTGTCCAGCAGTGTGCACACCTTCCCAGCTCTCCTGCAGTCTGGACTCTACACTATGAGCAGCTCAGTGACTGTCCCCTCCAGCACCTGGCCAAGTCAGACCGTCACCTGCAGCGTTGCTCACCCAGCCAGCAGCACCACGGTGGACAAAAAACTTGAGCCCAGCGGGCCCATTTCAACAATCAACCCCTGTCCTCCATGC	CAAATTGTTCTCACCCAGTCTCCAGCACTCATGTCTGCATCTCCAGGGGAGAAGGTCACCATGACCTGCAGTGCCAGCTCAAGTGTAAGTTACATGTACTGGTACCAGCAGAAGCCAAGATCCTCCCCCAAACCCTGGATTTATCTCACATCCAACCTGGCTTCTGGAGTCCCTGCTCGCTTCAGTGGCAGTGGGTCTGGGACCTCTTACTCTCTCACAATCAGCAGCATGGAGGCTGAAGATGCTGCCACTTATTACTGCCAGCAGTGGAGTAGTAATCCATTCACGTTCGGCTCGGGGACAAAGTTGGAAATAAAACGGGCTGATGCTGCACCAACTGTATCCATCTTCCCACCATCCAGTGAGCAGTTAACATCTGGAGGTGCCTCAGTCGTGTGCTTCTTGAACAACTTCTACCCCAAAGACATCAATGTCAAGTGGAAGATTGATGGCAGTGAACGACAAAATGGCGTCCTGAACAGTTGGACTGATCAGGACAGCAAAGACAGCACCTACAGCATGAGCAGCACCCTCACGTTGACCAAGGACGAGTATGAACGACATAACAGCTATACCTGTGAGGCCACTCACAAGACATCAACTTCACCCATTGTCAAGAGCTTCAACAGGAATGAGTGT
ACC4	C1(citru)	IGHV9-2-1	IGKV1-135	IGHJ3	IGKJ5	ASGYTFTDYSI	ARATTATELAYWG	SCKSSQSLLDSDGKTYLNWL	IYLVSKLDSGV	YCWQGTHFPLTFG	QIQLVQSGPELKKPGETVKISCKASGYTFTDYSIHWVKQAPGKGLKWMGWINTETGEPTYTDDFKGRFAFSLESSASTAFLQINNLKNEDTATYFCARATTATELAYWGQGTLVTVSA	DVVMTQTPLTLSVTIGQPASISCKSSQSLLDSDGKTYLNWLLQRPGQSPKRLIYLVSKLDSGVPDRFTGSGSGTDFTLKISRVEAEDLGVYYCWQGTHFPLTFGAGTKLELK	GAGTTCCAGCTGCAGCAGTCTGGACCTGAGCTGGTGAAGCCTGGCGCTTCAGTGAAGATATCCTGCAAGGCTTCTGGTTACTCATTCACTGACTACAACATGAACTGGGTGAAGCAGAGCAATGGAAAGAGCCTTGAGTGGATTGGAATAATTAATCCTAACTCTGGTACTACTACCTACAATCAGAAGTTCAAGGGCAAGGCCACATTGACTGTAGACCAATCTTCCAGCACAGCCTACATGCAGCTCAACAGACTGACATCTGAGGACTCTGCAGTCTATTACTGTGCAAGATTGGATGATTACAATGCTATGGACTACTGGGGTCAAGGAACCTCAGTCACCGTCTCCTCAGCCAAAACAACACCCCCATCAGTCTATCCACTGGCCCCTGGGTGTGGAGATACAACTGGTTCCTCTGTGACTCTGGGATGCCTGGTCAAGGGCTACTTCCCTGAGTCAGTGACTGTGACTTGGAACTCTGGATCCCTGTCCAGCAGTGTGCACACCTTCCCAGCTCTCCTGCAGTCTGGACTCTACACTATGAGCAGCTCAGTGACTGTCCCCTCCAGCACCTGGCCAAGTCAGACCGTCACCTGCAGCGTTGCTCACCCAGCCAGCAGCACCACGGTGGACAAAAAACTTGAGCCCAGCGGGCCCATTTCAACAATCAACCCCTGTCCTCCATGC	CAAATTGTTCTCACCCAGTCTCCAGCACTCATGTCTGCATCTCCAGGGGAGAAGGTCACCATGACCTGCAGTGCCAGCTCAAGTGTAAGTTACATGTACTGGTACCAGCAGAAGCCAAGATCCTCCCCCAAACCCTGGATTTATCTCACATCCAACCTGGCTTCTGGAGTCCCTGCTCGCTTCAGTGGCAGTGGGTCTGGGACCTCTTACTCTCTCACAATCAGCAGCATGGAGGCTGAAGATGCTGCCACTTATTACTGCCAGCAGTGGAGTAGTAATCCATTCACGTTCGGCTCGGGGACAAAGTTGGAAATAAAACGGGCTGATGCTGCACCAACTGTATCCATCTTCCCACCATCCAGTGAGCAGTTAACATCTGGAGGTGCCTCAGTCGTGTGCTTCTTGAACAACTTCTACCCCAAAGACATCAATGTCAAGTGGAAGATTGATGGCAGTGAACGACAAAATGGCGTCCTGAACAGTTGGACTGATCAGGACAGCAAAGACAGCACCTACAGCATGAGCAGCACCCTCACGTTGACCAAGGACGAGTATGAACGACATAACAGCTATACCTGTGAGGCCACTCACAAGACATCAACTTCACCCATTGTCAAGAGCTTCAACAGGAATGAGTGT
CIIC1	C1	IGHV1-74	IGKV3-5	IGHJ3	IGKJ2	ASGYTFTSYWM	ARLKPETWFAYWG	SCRASKSVDSYGNSFMEWY	IYRASNLESGI	YCQQSNEDPYTFG	CKASGYTFTSYWMNWVKQRPGQGLEWIGMIHPSDSETRLSQKFKDKATLTVDKSSSTAYMQLSSPTSEDSAVYYCARLKPETWFAYWGQGTLVTVSA	SLTVSLGQRATISCRASKSVDSYGNSFMEWYQQKPGQPPKLLIYRASNLESGIPARFSGSGSRTDFTLTINPVEADDVATYYCQQSNEDPYTFGGGTKLEIK	GAGTTCCAGCTGCAGCAGTCTGGACCTGAGCTGGTGAAGCCTGGCGCTTCAGTGAAGATATCCTGCAAGGCTTCTGGTTACTCATTCACTGACTACAACATGAACTGGGTGAAGCAGAGCAATGGAAAGAGCCTTGAGTGGATTGGAATAATTAATCCTAACTCTGGTACTACTACCTACAATCAGAAGTTCAAGGGCAAGGCCACATTGACTGTAGACCAATCTTCCAGCACAGCCTACATGCAGCTCAACAGACTGACATCTGAGGACTCTGCAGTCTATTACTGTGCAAGATTGGATGATTACAATGCTATGGACTACTGGGGTCAAGGAACCTCAGTCACCGTCTCCTCAGCCAAAACAACACCCCCATCAGTCTATCCACTGGCCCCTGGGTGTGGAGATACAACTGGTTCCTCTGTGACTCTGGGATGCCTGGTCAAGGGCTACTTCCCTGAGTCAGTGACTGTGACTTGGAACTCTGGATCCCTGTCCAGCAGTGTGCACACCTTCCCAGCTCTCCTGCAGTCTGGACTCTACACTATGAGCAGCTCAGTGACTGTCCCCTCCAGCACCTGGCCAAGTCAGACCGTCACCTGCAGCGTTGCTCACCCAGCCAGCAGCACCACGGTGGACAAAAAACTTGAGCCCAGCGGGCCCATTTCAACAATCAACCCCTGTCCTCCATGC	CAAATTGTTCTCACCCAGTCTCCAGCACTCATGTCTGCATCTCCAGGGGAGAAGGTCACCATGACCTGCAGTGCCAGCTCAAGTGTAAGTTACATGTACTGGTACCAGCAGAAGCCAAGATCCTCCCCCAAACCCTGGATTTATCTCACATCCAACCTGGCTTCTGGAGTCCCTGCTCGCTTCAGTGGCAGTGGGTCTGGGACCTCTTACTCTCTCACAATCAGCAGCATGGAGGCTGAAGATGCTGCCACTTATTACTGCCAGCAGTGGAGTAGTAATCCATTCACGTTCGGCTCGGGGACAAAGTTGGAAATAAAACGGGCTGATGCTGCACCAACTGTATCCATCTTCCCACCATCCAGTGAGCAGTTAACATCTGGAGGTGCCTCAGTCGTGTGCTTCTTGAACAACTTCTACCCCAAAGACATCAATGTCAAGTGGAAGATTGATGGCAGTGAACGACAAAATGGCGTCCTGAACAGTTGGACTGATCAGGACAGCAAAGACAGCACCTACAGCATGAGCAGCACCCTCACGTTGACCAAGGACGAGTATGAACGACATAACAGCTATACCTGTGAGGCCACTCACAAGACATCAACTTCACCCATTGTCAAGAGCTTCAACAGGAATGAGTGT
CIIC2	D3	IGHV4-2	IGKV3-12	IGHJ2	IGKJ4	AASGFDFSKD	YCARGLAYFDYWG	SCRASKSVSTSGYSYMHWY	IYLASNLESGV	YCQHSRELPFTFG	EVKLLESGGGLVQPGGSLNLSCAASGFDFSKDWMSWVRQAPGKGLEWIGEINPGSSTINYAPSLKDKFIISRDNAKNTLYLQMSKVRSEDTALYYCARGLAYFDYWGQGTTLTVSS	SLAVSLGQRATISCRASKSVSTSGYSYMHWYQQKPGQPPKLLIYLASNLESGVPARFSGSGSGTDFTLNIHPVEEEDAATYYCQHSRELPFTFGSGTKLEIK	GAGTTCCAGCTGCAGCAGTCTGGACCTGAGCTGGTGAAGCCTGGCGCTTCAGTGAAGATATCCTGCAAGGCTTCTGGTTACTCATTCACTGACTACAACATGAACTGGGTGAAGCAGAGCAATGGAAAGAGCCTTGAGTGGATTGGAATAATTAATCCTAACTCTGGTACTACTACCTACAATCAGAAGTTCAAGGGCAAGGCCACATTGACTGTAGACCAATCTTCCAGCACAGCCTACATGCAGCTCAACAGACTGACATCTGAGGACTCTGCAGTCTATTACTGTGCAAGATTGGATGATTACAATGCTATGGACTACTGGGGTCAAGGAACCTCAGTCACCGTCTCCTCAGCCAAAACAACACCCCCATCAGTCTATCCACTGGCCCCTGGGTGTGGAGATACAACTGGTTCCTCTGTGACTCTGGGATGCCTGGTCAAGGGCTACTTCCCTGAGTCAGTGACTGTGACTTGGAACTCTGGATCCCTGTCCAGCAGTGTGCACACCTTCCCAGCTCTCCTGCAGTCTGGACTCTACACTATGAGCAGCTCAGTGACTGTCCCCTCCAGCACCTGGCCAAGTCAGACCGTCACCTGCAGCGTTGCTCACCCAGCCAGCAGCACCACGGTGGACAAAAAACTTGAGCCCAGCGGGCCCATTTCAACAATCAACCCCTGTCCTCCATGC	CAAATTGTTCTCACCCAGTCTCCAGCACTCATGTCTGCATCTCCAGGGGAGAAGGTCACCATGACCTGCAGTGCCAGCTCAAGTGTAAGTTACATGTACTGGTACCAGCAGAAGCCAAGATCCTCCCCCAAACCCTGGATTTATCTCACATCCAACCTGGCTTCTGGAGTCCCTGCTCGCTTCAGTGGCAGTGGGTCTGGGACCTCTTACTCTCTCACAATCAGCAGCATGGAGGCTGAAGATGCTGCCACTTATTACTGCCAGCAGTGGAGTAGTAATCCATTCACGTTCGGCTCGGGGACAAAGTTGGAAATAAAACGGGCTGATGCTGCACCAACTGTATCCATCTTCCCACCATCCAGTGAGCAGTTAACATCTGGAGGTGCCTCAGTCGTGTGCTTCTTGAACAACTTCTACCCCAAAGACATCAATGTCAAGTGGAAGATTGATGGCAGTGAACGACAAAATGGCGTCCTGAACAGTTGGACTGATCAGGACAGCAAAGACAGCACCTACAGCATGAGCAGCACCCTCACGTTGACCAAGGACGAGTATGAACGACATAACAGCTATACCTGTGAGGCCACTCACAAGACATCAACTTCACCCATTGTCAAGAGCTTCAACAGGAATGAGTGT
CIICB105		IGHV1-22	IGKV1-135	IGHJ4		ASGYTFTDYDM	AR	SCKSSQSLLDSDGKTYLNWL	IYLVSKLDSGV	YCWQGT	LVQLQQSGPDLVKPGASVKISCKASGYTFTDYDMNWVKQSHGKSLEWIGYIYPNNGGTSYNQKFKGKATLTVDKSSSTAYMELRSLTSEDSAVYYCARGDYG	TLSVTIGQPASISCKSSQSLLDSDGKTYLNWLLQRPGQSPKRLIYLVSKLDSGVPDRFTGSGSGTDFTLKISRVEAEDLGVYYCWQGTHFP	GAGTTCCAGCTGCAGCAGTCTGGACCTGAGCTGGTGAAGCCTGGCGCTTCAGTGAAGATATCCTGCAAGGCTTCTGGTTACTCATTCACTGACTACAACATGAACTGGGTGAAGCAGAGCAATGGAAAGAGCCTTGAGTGGATTGGAATAATTAATCCTAACTCTGGTACTACTACCTACAATCAGAAGTTCAAGGGCAAGGCCACATTGACTGTAGACCAATCTTCCAGCACAGCCTACATGCAGCTCAACAGACTGACATCTGAGGACTCTGCAGTCTATTACTGTGCAAGATTGGATGATTACAATGCTATGGACTACTGGGGTCAAGGAACCTCAGTCACCGTCTCCTCAGCCAAAACAACACCCCCATCAGTCTATCCACTGGCCCCTGGGTGTGGAGATACAACTGGTTCCTCTGTGACTCTGGGATGCCTGGTCAAGGGCTACTTCCCTGAGTCAGTGACTGTGACTTGGAACTCTGGATCCCTGTCCAGCAGTGTGCACACCTTCCCAGCTCTCCTGCAGTCTGGACTCTACACTATGAGCAGCTCAGTGACTGTCCCCTCCAGCACCTGGCCAAGTCAGACCGTCACCTGCAGCGTTGCTCACCCAGCCAGCAGCACCACGGTGGACAAAAAACTTGAGCCCAGCGGGCCCATTTCAACAATCAACCCCTGTCCTCCATGC	CAAATTGTTCTCACCCAGTCTCCAGCACTCATGTCTGCATCTCCAGGGGAGAAGGTCACCATGACCTGCAGTGCCAGCTCAAGTGTAAGTTACATGTACTGGTACCAGCAGAAGCCAAGATCCTCCCCCAAACCCTGGATTTATCTCACATCCAACCTGGCTTCTGGAGTCCCTGCTCGCTTCAGTGGCAGTGGGTCTGGGACCTCTTACTCTCTCACAATCAGCAGCATGGAGGCTGAAGATGCTGCCACTTATTACTGCCAGCAGTGGAGTAGTAATCCATTCACGTTCGGCTCGGGGACAAAGTTGGAAATAAAACGGGCTGATGCTGCACCAACTGTATCCATCTTCCCACCATCCAGTGAGCAGTTAACATCTGGAGGTGCCTCAGTCGTGTGCTTCTTGAACAACTTCTACCCCAAAGACATCAATGTCAAGTGGAAGATTGATGGCAGTGAACGACAAAATGGCGTCCTGAACAGTTGGACTGATCAGGACAGCAAAGACAGCACCTACAGCATGAGCAGCACCCTCACGTTGACCAAGGACGAGTATGAACGACATAACAGCTATACCTGTGAGGCCACTCACAAGACATCAACTTCACCCATTGTCAAGAGCTTCAACAGGAATGAGTGT
CIICB20	C1	IGHV1-12	IGKV3-4	IGHJ2	IGKJ2	ASGYTFTSYNM	ARGEAMDYWG	SCKASQSVAYDGDSYMNWY	IYAASNLESGI	YCQQSNEDPYTFG	QVQLQQPGAELVKPGASVKMSCKASGYTFTSYNMHWVKQTPGQGLEWIGAIYPGNGDTSYNQKFKGKATLTADKSSSTAYMQLSSLTSEDSAVYYCARGEAMDYWGQGTSVTVSS	DIVLTQSPASLAVSLGQRATISCKASQSVAYDGDSYMNWYQQKPGQPPKLLIYAASNLESGIPARFSGSGSGTDFTLNIHPVEEEDAATYYCQQSNEDPYTFGGGTKLEIKRADAAPTVSIFPPSSEPIDR	GAGTTCCAGCTGCAGCAGTCTGGACCTGAGCTGGTGAAGCCTGGCGCTTCAGTGAAGATATCCTGCAAGGCTTCTGGTTACTCATTCACTGACTACAACATGAACTGGGTGAAGCAGAGCAATGGAAAGAGCCTTGAGTGGATTGGAATAATTAATCCTAACTCTGGTACTACTACCTACAATCAGAAGTTCAAGGGCAAGGCCACATTGACTGTAGACCAATCTTCCAGCACAGCCTACATGCAGCTCAACAGACTGACATCTGAGGACTCTGCAGTCTATTACTGTGCAAGATTGGATGATTACAATGCTATGGACTACTGGGGTCAAGGAACCTCAGTCACCGTCTCCTCAGCCAAAACAACACCCCCATCAGTCTATCCACTGGCCCCTGGGTGTGGAGATACAACTGGTTCCTCTGTGACTCTGGGATGCCTGGTCAAGGGCTACTTCCCTGAGTCAGTGACTGTGACTTGGAACTCTGGATCCCTGTCCAGCAGTGTGCACACCTTCCCAGCTCTCCTGCAGTCTGGACTCTACACTATGAGCAGCTCAGTGACTGTCCCCTCCAGCACCTGGCCAAGTCAGACCGTCACCTGCAGCGTTGCTCACCCAGCCAGCAGCACCACGGTGGACAAAAAACTTGAGCCCAGCGGGCCCATTTCAACAATCAACCCCTGTCCTCCATGC	CAAATTGTTCTCACCCAGTCTCCAGCACTCATGTCTGCATCTCCAGGGGAGAAGGTCACCATGACCTGCAGTGCCAGCTCAAGTGTAAGTTACATGTACTGGTACCAGCAGAAGCCAAGATCCTCCCCCAAACCCTGGATTTATCTCACATCCAACCTGGCTTCTGGAGTCCCTGCTCGCTTCAGTGGCAGTGGGTCTGGGACCTCTTACTCTCTCACAATCAGCAGCATGGAGGCTGAAGATGCTGCCACTTATTACTGCCAGCAGTGGAGTAGTAATCCATTCACGTTCGGCTCGGGGACAAAGTTGGAAATAAAACGGGCTGATGCTGCACCAACTGTATCCATCTTCCCACCATCCAGTGAGCAGTTAACATCTGGAGGTGCCTCAGTCGTGTGCTTCTTGAACAACTTCTACCCCAAAGACATCAATGTCAAGTGGAAGATTGATGGCAGTGAACGACAAAATGGCGTCCTGAACAGTTGGACTGATCAGGACAGCAAAGACAGCACCTACAGCATGAGCAGCACCCTCACGTTGACCAAGGACGAGTATGAACGACATAACAGCTATACCTGTGAGGCCACTCACAAGACATCAACTTCACCCATTGTCAAGAGCTTCAACAGGAATGAGTGT
CIICB239	C1	IGHV1-12	IGKV3-4			ASGYTFTSYNM	AR	SCKASQSVDYDGDSYMNWY	IYAASNLESGI	YCQQSN	GAELVKPGASVKMSCKASGYTFTSYNMHWVKQTPGQGLEWIGAIYPGNGDTSYNQKFKGKATLTADKSSSTAYMQLSSLTSEDSAVYYCARGDYS	AVSLGQRATISCKASQSVDYDGDSYMNWYQQKPGQPPKLLIYAASNLESGIPARFSGSGSGTDFTLNIHPVEEEDAATYYCQQSNEDP	GAGTTCCAGCTGCAGCAGTCTGGACCTGAGCTGGTGAAGCCTGGCGCTTCAGTGAAGATATCCTGCAAGGCTTCTGGTTACTCATTCACTGACTACAACATGAACTGGGTGAAGCAGAGCAATGGAAAGAGCCTTGAGTGGATTGGAATAATTAATCCTAACTCTGGTACTACTACCTACAATCAGAAGTTCAAGGGCAAGGCCACATTGACTGTAGACCAATCTTCCAGCACAGCCTACATGCAGCTCAACAGACTGACATCTGAGGACTCTGCAGTCTATTACTGTGCAAGATTGGATGATTACAATGCTATGGACTACTGGGGTCAAGGAACCTCAGTCACCGTCTCCTCAGCCAAAACAACACCCCCATCAGTCTATCCACTGGCCCCTGGGTGTGGAGATACAACTGGTTCCTCTGTGACTCTGGGATGCCTGGTCAAGGGCTACTTCCCTGAGTCAGTGACTGTGACTTGGAACTCTGGATCCCTGTCCAGCAGTGTGCACACCTTCCCAGCTCTCCTGCAGTCTGGACTCTACACTATGAGCAGCTCAGTGACTGTCCCCTCCAGCACCTGGCCAAGTCAGACCGTCACCTGCAGCGTTGCTCACCCAGCCAGCAGCACCACGGTGGACAAAAAACTTGAGCCCAGCGGGCCCATTTCAACAATCAACCCCTGTCCTCCATGC	CAAATTGTTCTCACCCAGTCTCCAGCACTCATGTCTGCATCTCCAGGGGAGAAGGTCACCATGACCTGCAGTGCCAGCTCAAGTGTAAGTTACATGTACTGGTACCAGCAGAAGCCAAGATCCTCCCCCAAACCCTGGATTTATCTCACATCCAACCTGGCTTCTGGAGTCCCTGCTCGCTTCAGTGGCAGTGGGTCTGGGACCTCTTACTCTCTCACAATCAGCAGCATGGAGGCTGAAGATGCTGCCACTTATTACTGCCAGCAGTGGAGTAGTAATCCATTCACGTTCGGCTCGGGGACAAAGTTGGAAATAAAACGGGCTGATGCTGCACCAACTGTATCCATCTTCCCACCATCCAGTGAGCAGTTAACATCTGGAGGTGCCTCAGTCGTGTGCTTCTTGAACAACTTCTACCCCAAAGACATCAATGTCAAGTGGAAGATTGATGGCAGTGAACGACAAAATGGCGTCCTGAACAGTTGGACTGATCAGGACAGCAAAGACAGCACCTACAGCATGAGCAGCACCCTCACGTTGACCAAGGACGAGTATGAACGACATAACAGCTATACCTGTGAGGCCACTCACAAGACATCAACTTCACCCATTGTCAAGAGCTTCAACAGGAATGAGTGT
CIICB268	C1	IGHV1-12	IGKV3-4			ASGYTFTSYNM	AR	SCKASQSVDYDGDSYMNWY	IYAASNLESGI	YCQQSN	PVQLQQPGAELVKPGASVKMSCKASGYTFTSYNMHWVKQTPGQGLEWIGAIYPGNGDTSYNQKFKGKATLTADKSSSTAYMQLSSLTSEDSAVYYCARSST	LGQRATISCKASQSVDYDGDSYMNWYQQKPGQPPKLLIYAASNLESGIPARFSGSGSGTDFTLNIHPVEEEDAATYYCQQSNEDP	GAGTTCCAGCTGCAGCAGTCTGGACCTGAGCTGGTGAAGCCTGGCGCTTCAGTGAAGATATCCTGCAAGGCTTCTGGTTACTCATTCACTGACTACAACATGAACTGGGTGAAGCAGAGCAATGGAAAGAGCCTTGAGTGGATTGGAATAATTAATCCTAACTCTGGTACTACTACCTACAATCAGAAGTTCAAGGGCAAGGCCACATTGACTGTAGACCAATCTTCCAGCACAGCCTACATGCAGCTCAACAGACTGACATCTGAGGACTCTGCAGTCTATTACTGTGCAAGATTGGATGATTACAATGCTATGGACTACTGGGGTCAAGGAACCTCAGTCACCGTCTCCTCAGCCAAAACAACACCCCCATCAGTCTATCCACTGGCCCCTGGGTGTGGAGATACAACTGGTTCCTCTGTGACTCTGGGATGCCTGGTCAAGGGCTACTTCCCTGAGTCAGTGACTGTGACTTGGAACTCTGGATCCCTGTCCAGCAGTGTGCACACCTTCCCAGCTCTCCTGCAGTCTGGACTCTACACTATGAGCAGCTCAGTGACTGTCCCCTCCAGCACCTGGCCAAGTCAGACCGTCACCTGCAGCGTTGCTCACCCAGCCAGCAGCACCACGGTGGACAAAAAACTTGAGCCCAGCGGGCCCATTTCAACAATCAACCCCTGTCCTCCATGC	CAAATTGTTCTCACCCAGTCTCCAGCACTCATGTCTGCATCTCCAGGGGAGAAGGTCACCATGACCTGCAGTGCCAGCTCAAGTGTAAGTTACATGTACTGGTACCAGCAGAAGCCAAGATCCTCCCCCAAACCCTGGATTTATCTCACATCCAACCTGGCTTCTGGAGTCCCTGCTCGCTTCAGTGGCAGTGGGTCTGGGACCTCTTACTCTCTCACAATCAGCAGCATGGAGGCTGAAGATGCTGCCACTTATTACTGCCAGCAGTGGAGTAGTAATCCATTCACGTTCGGCTCGGGGACAAAGTTGGAAATAAAACGGGCTGATGCTGCACCAACTGTATCCATCTTCCCACCATCCAGTGAGCAGTTAACATCTGGAGGTGCCTCAGTCGTGTGCTTCTTGAACAACTTCTACCCCAAAGACATCAATGTCAAGTGGAAGATTGATGGCAGTGAACGACAAAATGGCGTCCTGAACAGTTGGACTGATCAGGACAGCAAAGACAGCACCTACAGCATGAGCAGCACCCTCACGTTGACCAAGGACGAGTATGAACGACATAACAGCTATACCTGTGAGGCCACTCACAAGACATCAACTTCACCCATTGTCAAGAGCTTCAACAGGAATGAGTGT
CIICB313	C1	IGHV1-12	IGKV3-4	IGHJ2		ASGYTFTSYNM	AR	SCKASQSVDYDGDSYMNWY	IYAASNLESGI	YCQQSN	PVQLQQPGAELVKPGASVKMSCKASGYTFTSYNMHWVKQTPGQGLEWIGAIYPGNGDTSYNQKFKGKATLTADKSSSTAYMQLSSLTSEDSAVYYCARGYY	VSLGQRATISCKASQSVDYDGDSYMNWYQQKPGQPPKLLIYAASNLESGIPARFSGSGSGTDFTLNIHPVEEEDAATYYCQQSNEDP	GAGTTCCAGCTGCAGCAGTCTGGACCTGAGCTGGTGAAGCCTGGCGCTTCAGTGAAGATATCCTGCAAGGCTTCTGGTTACTCATTCACTGACTACAACATGAACTGGGTGAAGCAGAGCAATGGAAAGAGCCTTGAGTGGATTGGAATAATTAATCCTAACTCTGGTACTACTACCTACAATCAGAAGTTCAAGGGCAAGGCCACATTGACTGTAGACCAATCTTCCAGCACAGCCTACATGCAGCTCAACAGACTGACATCTGAGGACTCTGCAGTCTATTACTGTGCAAGATTGGATGATTACAATGCTATGGACTACTGGGGTCAAGGAACCTCAGTCACCGTCTCCTCAGCCAAAACAACACCCCCATCAGTCTATCCACTGGCCCCTGGGTGTGGAGATACAACTGGTTCCTCTGTGACTCTGGGATGCCTGGTCAAGGGCTACTTCCCTGAGTCAGTGACTGTGACTTGGAACTCTGGATCCCTGTCCAGCAGTGTGCACACCTTCCCAGCTCTCCTGCAGTCTGGACTCTACACTATGAGCAGCTCAGTGACTGTCCCCTCCAGCACCTGGCCAAGTCAGACCGTCACCTGCAGCGTTGCTCACCCAGCCAGCAGCACCACGGTGGACAAAAAACTTGAGCCCAGCGGGCCCATTTCAACAATCAACCCCTGTCCTCCATGC	CAAATTGTTCTCACCCAGTCTCCAGCACTCATGTCTGCATCTCCAGGGGAGAAGGTCACCATGACCTGCAGTGCCAGCTCAAGTGTAAGTTACATGTACTGGTACCAGCAGAAGCCAAGATCCTCCCCCAAACCCTGGATTTATCTCACATCCAACCTGGCTTCTGGAGTCCCTGCTCGCTTCAGTGGCAGTGGGTCTGGGACCTCTTACTCTCTCACAATCAGCAGCATGGAGGCTGAAGATGCTGCCACTTATTACTGCCAGCAGTGGAGTAGTAATCCATTCACGTTCGGCTCGGGGACAAAGTTGGAAATAAAACGGGCTGATGCTGCACCAACTGTATCCATCTTCCCACCATCCAGTGAGCAGTTAACATCTGGAGGTGCCTCAGTCGTGTGCTTCTTGAACAACTTCTACCCCAAAGACATCAATGTCAAGTGGAAGATTGATGGCAGTGAACGACAAAATGGCGTCCTGAACAGTTGGACTGATCAGGACAGCAAAGACAGCACCTACAGCATGAGCAGCACCCTCACGTTGACCAAGGACGAGTATGAACGACATAACAGCTATACCTGTGAGGCCACTCACAAGACATCAACTTCACCCATTGTCAAGAGCTTCAACAGGAATGAGTGT
CIICB334	C1	IGHV1-12	IGKV3-4			ASGYTFTSYNM	AR	SCKASQSVDYDGDSYMNWY	IYAASNLESGI	YCQQSN	GAELVKPGASVKMSCKASGYTFTSYNMHWVKQTPGQGLEWIGAIYPGNGDTSYNQKFKGKATLTADKSSSTAYMQLSSLTSEDSAVYYCARGETGTG	SLAVSLGQRATISCKASQSVDYDGDSYMNWYQQKPGQPPKLLIYAASNLESGIPARFSGSGSGTDFTLNIHPVEEEDAATYYCQQSNEDP	GAGTTCCAGCTGCAGCAGTCTGGACCTGAGCTGGTGAAGCCTGGCGCTTCAGTGAAGATATCCTGCAAGGCTTCTGGTTACTCATTCACTGACTACAACATGAACTGGGTGAAGCAGAGCAATGGAAAGAGCCTTGAGTGGATTGGAATAATTAATCCTAACTCTGGTACTACTACCTACAATCAGAAGTTCAAGGGCAAGGCCACATTGACTGTAGACCAATCTTCCAGCACAGCCTACATGCAGCTCAACAGACTGACATCTGAGGACTCTGCAGTCTATTACTGTGCAAGATTGGATGATTACAATGCTATGGACTACTGGGGTCAAGGAACCTCAGTCACCGTCTCCTCAGCCAAAACAACACCCCCATCAGTCTATCCACTGGCCCCTGGGTGTGGAGATACAACTGGTTCCTCTGTGACTCTGGGATGCCTGGTCAAGGGCTACTTCCCTGAGTCAGTGACTGTGACTTGGAACTCTGGATCCCTGTCCAGCAGTGTGCACACCTTCCCAGCTCTCCTGCAGTCTGGACTCTACACTATGAGCAGCTCAGTGACTGTCCCCTCCAGCACCTGGCCAAGTCAGACCGTCACCTGCAGCGTTGCTCACCCAGCCAGCAGCACCACGGTGGACAAAAAACTTGAGCCCAGCGGGCCCATTTCAACAATCAACCCCTGTCCTCCATGC	CAAATTGTTCTCACCCAGTCTCCAGCACTCATGTCTGCATCTCCAGGGGAGAAGGTCACCATGACCTGCAGTGCCAGCTCAAGTGTAAGTTACATGTACTGGTACCAGCAGAAGCCAAGATCCTCCCCCAAACCCTGGATTTATCTCACATCCAACCTGGCTTCTGGAGTCCCTGCTCGCTTCAGTGGCAGTGGGTCTGGGACCTCTTACTCTCTCACAATCAGCAGCATGGAGGCTGAAGATGCTGCCACTTATTACTGCCAGCAGTGGAGTAGTAATCCATTCACGTTCGGCTCGGGGACAAAGTTGGAAATAAAACGGGCTGATGCTGCACCAACTGTATCCATCTTCCCACCATCCAGTGAGCAGTTAACATCTGGAGGTGCCTCAGTCGTGTGCTTCTTGAACAACTTCTACCCCAAAGACATCAATGTCAAGTGGAAGATTGATGGCAGTGAACGACAAAATGGCGTCCTGAACAGTTGGACTGATCAGGACAGCAAAGACAGCACCTACAGCATGAGCAGCACCCTCACGTTGACCAAGGACGAGTATGAACGACATAACAGCTATACCTGTGAGGCCACTCACAAGACATCAACTTCACCCATTGTCAAGAGCTTCAACAGGAATGAGTGT
CIICB340	C1	IGHV1-12	IGKV3-4	IGHJ3		ASGYTFTSYNM	AR	SCKASQSVDYDGDSYMNWY	IYAASNLESGI	YCQQSN	GAELVKPGASVKMSCKASGYTFTSYNMHWVKQTPGQGLEWIGAIYPGNGDTSYNQKFKGKATLTADKSSSTAYMQLSSLTSEDSAVYYCARRE	SLAVSLGQRATISCKASQSVDYDGDSYMNWYQQKPGQPPKLLIYAASNLESGIPARFSGSGSGTDFTLNIHPVEEEDAATYYCQQSNEDP	GAGTTCCAGCTGCAGCAGTCTGGACCTGAGCTGGTGAAGCCTGGCGCTTCAGTGAAGATATCCTGCAAGGCTTCTGGTTACTCATTCACTGACTACAACATGAACTGGGTGAAGCAGAGCAATGGAAAGAGCCTTGAGTGGATTGGAATAATTAATCCTAACTCTGGTACTACTACCTACAATCAGAAGTTCAAGGGCAAGGCCACATTGACTGTAGACCAATCTTCCAGCACAGCCTACATGCAGCTCAACAGACTGACATCTGAGGACTCTGCAGTCTATTACTGTGCAAGATTGGATGATTACAATGCTATGGACTACTGGGGTCAAGGAACCTCAGTCACCGTCTCCTCAGCCAAAACAACACCCCCATCAGTCTATCCACTGGCCCCTGGGTGTGGAGATACAACTGGTTCCTCTGTGACTCTGGGATGCCTGGTCAAGGGCTACTTCCCTGAGTCAGTGACTGTGACTTGGAACTCTGGATCCCTGTCCAGCAGTGTGCACACCTTCCCAGCTCTCCTGCAGTCTGGACTCTACACTATGAGCAGCTCAGTGACTGTCCCCTCCAGCACCTGGCCAAGTCAGACCGTCACCTGCAGCGTTGCTCACCCAGCCAGCAGCACCACGGTGGACAAAAAACTTGAGCCCAGCGGGCCCATTTCAACAATCAACCCCTGTCCTCCATGC	CAAATTGTTCTCACCCAGTCTCCAGCACTCATGTCTGCATCTCCAGGGGAGAAGGTCACCATGACCTGCAGTGCCAGCTCAAGTGTAAGTTACATGTACTGGTACCAGCAGAAGCCAAGATCCTCCCCCAAACCCTGGATTTATCTCACATCCAACCTGGCTTCTGGAGTCCCTGCTCGCTTCAGTGGCAGTGGGTCTGGGACCTCTTACTCTCTCACAATCAGCAGCATGGAGGCTGAAGATGCTGCCACTTATTACTGCCAGCAGTGGAGTAGTAATCCATTCACGTTCGGCTCGGGGACAAAGTTGGAAATAAAACGGGCTGATGCTGCACCAACTGTATCCATCTTCCCACCATCCAGTGAGCAGTTAACATCTGGAGGTGCCTCAGTCGTGTGCTTCTTGAACAACTTCTACCCCAAAGACATCAATGTCAAGTGGAAGATTGATGGCAGTGAACGACAAAATGGCGTCCTGAACAGTTGGACTGATCAGGACAGCAAAGACAGCACCTACAGCATGAGCAGCACCCTCACGTTGACCAAGGACGAGTATGAACGACATAACAGCTATACCTGTGAGGCCACTCACAAGACATCAACTTCACCCATTGTCAAGAGCTTCAACAGGAATGAGTGT
CIICB379		IGHV1-74	IGKV3-4	IGHJ3		ASGYTFTTYWM		SCKASQSVDYDGDSYMNWY	IYVASNLESGI	YCQQSN	QVQLQQPGAELVRPGASVKLSCKASGYTFTTYWMNWVKQRPGQGLEWIGMIHPSDSETRLNQKFKDKATLTVDKSSSTAYMQLSSPTSEDSAVYYCGLGLP	ATISCKASQSVDYDGDSYMNWYQQKPGQPPKLLIYVASNLESGIPARFSGSGSGTDFTLNIHPVEEEDAATYYCQQSNEDP	GAGTTCCAGCTGCAGCAGTCTGGACCTGAGCTGGTGAAGCCTGGCGCTTCAGTGAAGATATCCTGCAAGGCTTCTGGTTACTCATTCACTGACTACAACATGAACTGGGTGAAGCAGAGCAATGGAAAGAGCCTTGAGTGGATTGGAATAATTAATCCTAACTCTGGTACTACTACCTACAATCAGAAGTTCAAGGGCAAGGCCACATTGACTGTAGACCAATCTTCCAGCACAGCCTACATGCAGCTCAACAGACTGACATCTGAGGACTCTGCAGTCTATTACTGTGCAAGATTGGATGATTACAATGCTATGGACTACTGGGGTCAAGGAACCTCAGTCACCGTCTCCTCAGCCAAAACAACACCCCCATCAGTCTATCCACTGGCCCCTGGGTGTGGAGATACAACTGGTTCCTCTGTGACTCTGGGATGCCTGGTCAAGGGCTACTTCCCTGAGTCAGTGACTGTGACTTGGAACTCTGGATCCCTGTCCAGCAGTGTGCACACCTTCCCAGCTCTCCTGCAGTCTGGACTCTACACTATGAGCAGCTCAGTGACTGTCCCCTCCAGCACCTGGCCAAGTCAGACCGTCACCTGCAGCGTTGCTCACCCAGCCAGCAGCACCACGGTGGACAAAAAACTTGAGCCCAGCGGGCCCATTTCAACAATCAACCCCTGTCCTCCATGC	CAAATTGTTCTCACCCAGTCTCCAGCACTCATGTCTGCATCTCCAGGGGAGAAGGTCACCATGACCTGCAGTGCCAGCTCAAGTGTAAGTTACATGTACTGGTACCAGCAGAAGCCAAGATCCTCCCCCAAACCCTGGATTTATCTCACATCCAACCTGGCTTCTGGAGTCCCTGCTCGCTTCAGTGGCAGTGGGTCTGGGACCTCTTACTCTCTCACAATCAGCAGCATGGAGGCTGAAGATGCTGCCACTTATTACTGCCAGCAGTGGAGTAGTAATCCATTCACGTTCGGCTCGGGGACAAAGTTGGAAATAAAACGGGCTGATGCTGCACCAACTGTATCCATCTTCCCACCATCCAGTGAGCAGTTAACATCTGGAGGTGCCTCAGTCGTGTGCTTCTTGAACAACTTCTACCCCAAAGACATCAATGTCAAGTGGAAGATTGATGGCAGTGAACGACAAAATGGCGTCCTGAACAGTTGGACTGATCAGGACAGCAAAGACAGCACCTACAGCATGAGCAGCACCCTCACGTTGACCAAGGACGAGTATGAACGACATAACAGCTATACCTGTGAGGCCACTCACAAGACATCAACTTCACCCATTGTCAAGAGCTTCAACAGGAATGAGTGT
CIICB391	C1	IGHV1-12	IGKV3-4			ASGYTFTSYNM	AR	SCKASQSVDYDGDSYMNWY	IYAASNLESGI	YCQQSN	QPGAELVPVQLQKPGASVKMSCKASGYTFTSYNMHWVKQTPGQGLEWIGAIYPGNGDTSYNQKFKGKATLTADKSSSTAYMQLSSLTSEDSAVYYCARGE	AVSLGQRATISCKASQSVDYDGDSYMNWYQQKPGQPPKLLIYAASNLESGIPARFSGSGSGTDFTLNIHPVEEEDAATYYCQQSNEDP	GAGTTCCAGCTGCAGCAGTCTGGACCTGAGCTGGTGAAGCCTGGCGCTTCAGTGAAGATATCCTGCAAGGCTTCTGGTTACTCATTCACTGACTACAACATGAACTGGGTGAAGCAGAGCAATGGAAAGAGCCTTGAGTGGATTGGAATAATTAATCCTAACTCTGGTACTACTACCTACAATCAGAAGTTCAAGGGCAAGGCCACATTGACTGTAGACCAATCTTCCAGCACAGCCTACATGCAGCTCAACAGACTGACATCTGAGGACTCTGCAGTCTATTACTGTGCAAGATTGGATGATTACAATGCTATGGACTACTGGGGTCAAGGAACCTCAGTCACCGTCTCCTCAGCCAAAACAACACCCCCATCAGTCTATCCACTGGCCCCTGGGTGTGGAGATACAACTGGTTCCTCTGTGACTCTGGGATGCCTGGTCAAGGGCTACTTCCCTGAGTCAGTGACTGTGACTTGGAACTCTGGATCCCTGTCCAGCAGTGTGCACACCTTCCCAGCTCTCCTGCAGTCTGGACTCTACACTATGAGCAGCTCAGTGACTGTCCCCTCCAGCACCTGGCCAAGTCAGACCGTCACCTGCAGCGTTGCTCACCCAGCCAGCAGCACCACGGTGGACAAAAAACTTGAGCCCAGCGGGCCCATTTCAACAATCAACCCCTGTCCTCCATGC	CAAATTGTTCTCACCCAGTCTCCAGCACTCATGTCTGCATCTCCAGGGGAGAAGGTCACCATGACCTGCAGTGCCAGCTCAAGTGTAAGTTACATGTACTGGTACCAGCAGAAGCCAAGATCCTCCCCCAAACCCTGGATTTATCTCACATCCAACCTGGCTTCTGGAGTCCCTGCTCGCTTCAGTGGCAGTGGGTCTGGGACCTCTTACTCTCTCACAATCAGCAGCATGGAGGCTGAAGATGCTGCCACTTATTACTGCCAGCAGTGGAGTAGTAATCCATTCACGTTCGGCTCGGGGACAAAGTTGGAAATAAAACGGGCTGATGCTGCACCAACTGTATCCATCTTCCCACCATCCAGTGAGCAGTTAACATCTGGAGGTGCCTCAGTCGTGTGCTTCTTGAACAACTTCTACCCCAAAGACATCAATGTCAAGTGGAAGATTGATGGCAGTGAACGACAAAATGGCGTCCTGAACAGTTGGACTGATCAGGACAGCAAAGACAGCACCTACAGCATGAGCAGCACCCTCACGTTGACCAAGGACGAGTATGAACGACATAACAGCTATACCTGTGAGGCCACTCACAAGACATCAACTTCACCCATTGTCAAGAGCTTCAACAGGAATGAGTGT
CIID3	D3	IGHV4-2	IGKV3-12	IGHJ2	IGKJ4	AASGFDFSKD	YCARGLAYFDYWG				EVKLLESGGGLVQPGGSLNLSCAASGFDFSKDWMSWVRQAPGKGLEWIGEINPGSSTINYAPSLKDKFIISRDNAKNTLYLQMSKVRSEDTALYYCARGLAYFDYWGQGTTLTVSS	DIVLTQSPASLAVSLGQRATISCRASKSVSTSAIVICTGTNRNQTATQTPHLSCIQPRIWGPCQVQWQWVWDRLHPQHPSCGGGGCCNLLLSAQ*GASIHVRLGDKVGNK	GAGTTCCAGCTGCAGCAGTCTGGACCTGAGCTGGTGAAGCCTGGCGCTTCAGTGAAGATATCCTGCAAGGCTTCTGGTTACTCATTCACTGACTACAACATGAACTGGGTGAAGCAGAGCAATGGAAAGAGCCTTGAGTGGATTGGAATAATTAATCCTAACTCTGGTACTACTACCTACAATCAGAAGTTCAAGGGCAAGGCCACATTGACTGTAGACCAATCTTCCAGCACAGCCTACATGCAGCTCAACAGACTGACATCTGAGGACTCTGCAGTCTATTACTGTGCAAGATTGGATGATTACAATGCTATGGACTACTGGGGTCAAGGAACCTCAGTCACCGTCTCCTCAGCCAAAACAACACCCCCATCAGTCTATCCACTGGCCCCTGGGTGTGGAGATACAACTGGTTCCTCTGTGACTCTGGGATGCCTGGTCAAGGGCTACTTCCCTGAGTCAGTGACTGTGACTTGGAACTCTGGATCCCTGTCCAGCAGTGTGCACACCTTCCCAGCTCTCCTGCAGTCTGGACTCTACACTATGAGCAGCTCAGTGACTGTCCCCTCCAGCACCTGGCCAAGTCAGACCGTCACCTGCAGCGTTGCTCACCCAGCCAGCAGCACCACGGTGGACAAAAAACTTGAGCCCAGCGGGCCCATTTCAACAATCAACCCCTGTCCTCCATGC	CAAATTGTTCTCACCCAGTCTCCAGCACTCATGTCTGCATCTCCAGGGGAGAAGGTCACCATGACCTGCAGTGCCAGCTCAAGTGTAAGTTACATGTACTGGTACCAGCAGAAGCCAAGATCCTCCCCCAAACCCTGGATTTATCTCACATCCAACCTGGCTTCTGGAGTCCCTGCTCGCTTCAGTGGCAGTGGGTCTGGGACCTCTTACTCTCTCACAATCAGCAGCATGGAGGCTGAAGATGCTGCCACTTATTACTGCCAGCAGTGGAGTAGTAATCCATTCACGTTCGGCTCGGGGACAAAGTTGGAAATAAAACGGGCTGATGCTGCACCAACTGTATCCATCTTCCCACCATCCAGTGAGCAGTTAACATCTGGAGGTGCCTCAGTCGTGTGCTTCTTGAACAACTTCTACCCCAAAGACATCAATGTCAAGTGGAAGATTGATGGCAGTGAACGACAAAATGGCGTCCTGAACAGTTGGACTGATCAGGACAGCAAAGACAGCACCTACAGCATGAGCAGCACCCTCACGTTGACCAAGGACGAGTATGAACGACATAACAGCTATACCTGTGAGGCCACTCACAAGACATCAACTTCACCCATTGTCAAGAGCTTCAACAGGAATGAGTGT
CIIE10	D3/E10	IGHV3-6	IGKV6-15	IGHJ4	IGKJ1	VTGYSITSDYYW	AREDYSNKVAMDYWG	TCKASQNVGTNVAWY	IYSASYRYSGV	FCQQYNSYPWTFG	LSLTCSVTGYSITSDYYWHWIRQFPGNKLEWMGYISYDGSNNYNPSLKNRISITRDTSKNQFFLKLNSVTTEDTATYYCAREDYSNKVAMDYWGQGTSVTVSS	FMSTSVGDRVSVTCKASQNVGTNVAWYQQKPGQSPKALIYSASYRYSGVPDRFTGSGSGTDFTLTISNVQSEDLAEYFCQQYNSYPWTFGGGTKLEIK	GAGTTCCAGCTGCAGCAGTCTGGACCTGAGCTGGTGAAGCCTGGCGCTTCAGTGAAGATATCCTGCAAGGCTTCTGGTTACTCATTCACTGACTACAACATGAACTGGGTGAAGCAGAGCAATGGAAAGAGCCTTGAGTGGATTGGAATAATTAATCCTAACTCTGGTACTACTACCTACAATCAGAAGTTCAAGGGCAAGGCCACATTGACTGTAGACCAATCTTCCAGCACAGCCTACATGCAGCTCAACAGACTGACATCTGAGGACTCTGCAGTCTATTACTGTGCAAGATTGGATGATTACAATGCTATGGACTACTGGGGTCAAGGAACCTCAGTCACCGTCTCCTCAGCCAAAACAACACCCCCATCAGTCTATCCACTGGCCCCTGGGTGTGGAGATACAACTGGTTCCTCTGTGACTCTGGGATGCCTGGTCAAGGGCTACTTCCCTGAGTCAGTGACTGTGACTTGGAACTCTGGATCCCTGTCCAGCAGTGTGCACACCTTCCCAGCTCTCCTGCAGTCTGGACTCTACACTATGAGCAGCTCAGTGACTGTCCCCTCCAGCACCTGGCCAAGTCAGACCGTCACCTGCAGCGTTGCTCACCCAGCCAGCAGCACCACGGTGGACAAAAAACTTGAGCCCAGCGGGCCCATTTCAACAATCAACCCCTGTCCTCCATGC	CAAATTGTTCTCACCCAGTCTCCAGCACTCATGTCTGCATCTCCAGGGGAGAAGGTCACCATGACCTGCAGTGCCAGCTCAAGTGTAAGTTACATGTACTGGTACCAGCAGAAGCCAAGATCCTCCCCCAAACCCTGGATTTATCTCACATCCAACCTGGCTTCTGGAGTCCCTGCTCGCTTCAGTGGCAGTGGGTCTGGGACCTCTTACTCTCTCACAATCAGCAGCATGGAGGCTGAAGATGCTGCCACTTATTACTGCCAGCAGTGGAGTAGTAATCCATTCACGTTCGGCTCGGGGACAAAGTTGGAAATAAAACGGGCTGATGCTGCACCAACTGTATCCATCTTCCCACCATCCAGTGAGCAGTTAACATCTGGAGGTGCCTCAGTCGTGTGCTTCTTGAACAACTTCTACCCCAAAGACATCAATGTCAAGTGGAAGATTGATGGCAGTGAACGACAAAATGGCGTCCTGAACAGTTGGACTGATCAGGACAGCAAAGACAGCACCTACAGCATGAGCAGCACCCTCACGTTGACCAAGGACGAGTATGAACGACATAACAGCTATACCTGTGAGGCCACTCACAAGACATCAACTTCACCCATTGTCAAGAGCTTCAACAGGAATGAGTGT
CIIE5	C1	IGHV2-2	NA	IGHJ4	NA	VSGFSLTSYGV	ARTYYGNYEDAMDYWG				PGLVQPSQSLSITCTVSGFSLTSYGVHWVRQSPGKGLEWLGVIWSGGSTDYNAAFISRLSISKDNSKSQVFFKMNSLQADDTAIYYCARTYYGNYEDAMDYWGQGTSVTVSS	NA	GAGTTCCAGCTGCAGCAGTCTGGACCTGAGCTGGTGAAGCCTGGCGCTTCAGTGAAGATATCCTGCAAGGCTTCTGGTTACTCATTCACTGACTACAACATGAACTGGGTGAAGCAGAGCAATGGAAAGAGCCTTGAGTGGATTGGAATAATTAATCCTAACTCTGGTACTACTACCTACAATCAGAAGTTCAAGGGCAAGGCCACATTGACTGTAGACCAATCTTCCAGCACAGCCTACATGCAGCTCAACAGACTGACATCTGAGGACTCTGCAGTCTATTACTGTGCAAGATTGGATGATTACAATGCTATGGACTACTGGGGTCAAGGAACCTCAGTCACCGTCTCCTCAGCCAAAACAACACCCCCATCAGTCTATCCACTGGCCCCTGGGTGTGGAGATACAACTGGTTCCTCTGTGACTCTGGGATGCCTGGTCAAGGGCTACTTCCCTGAGTCAGTGACTGTGACTTGGAACTCTGGATCCCTGTCCAGCAGTGTGCACACCTTCCCAGCTCTCCTGCAGTCTGGACTCTACACTATGAGCAGCTCAGTGACTGTCCCCTCCAGCACCTGGCCAAGTCAGACCGTCACCTGCAGCGTTGCTCACCCAGCCAGCAGCACCACGGTGGACAAAAAACTTGAGCCCAGCGGGCCCATTTCAACAATCAACCCCTGTCCTCCATGC	CAAATTGTTCTCACCCAGTCTCCAGCACTCATGTCTGCATCTCCAGGGGAGAAGGTCACCATGACCTGCAGTGCCAGCTCAAGTGTAAGTTACATGTACTGGTACCAGCAGAAGCCAAGATCCTCCCCCAAACCCTGGATTTATCTCACATCCAACCTGGCTTCTGGAGTCCCTGCTCGCTTCAGTGGCAGTGGGTCTGGGACCTCTTACTCTCTCACAATCAGCAGCATGGAGGCTGAAGATGCTGCCACTTATTACTGCCAGCAGTGGAGTAGTAATCCATTCACGTTCGGCTCGGGGACAAAGTTGGAAATAAAACGGGCTGATGCTGCACCAACTGTATCCATCTTCCCACCATCCAGTGAGCAGTTAACATCTGGAGGTGCCTCAGTCGTGTGCTTCTTGAACAACTTCTACCCCAAAGACATCAATGTCAAGTGGAAGATTGATGGCAGTGAACGACAAAATGGCGTCCTGAACAGTTGGACTGATCAGGACAGCAAAGACAGCACCTACAGCATGAGCAGCACCCTCACGTTGACCAAGGACGAGTATGAACGACATAACAGCTATACCTGTGAGGCCACTCACAAGACATCAACTTCACCCATTGTCAAGAGCTTCAACAGGAATGAGTGT
CIIF4	F4	IGHV3-6	IGKV3-5	IGHJ2	IGKJ2	VTGYSITSDYYW	ARDEAGVFDYWG	SCRASESVDSYGNSFMHWY	IYRASNLESGI	YCQQSNEDPPTFG	LSLTCSVTGYSITSDYYWHWIRQFPGNKLEWMGYISYDGSNNFNPSLKNRLSITRDSSENLFFLKLNSVTTEDTATYYCARDEAGVFDYWGQGTTLTVSS	SLAVSLGQRATISCRASESVDSYGNSFMHWYQQKPGQPPKLLIYRASNLESGIPARFSGSGSRTDFTLTINPVEADDVATYYCQQSNEDPPTFGGGTKLEIK	GAGTTCCAGCTGCAGCAGTCTGGACCTGAGCTGGTGAAGCCTGGCGCTTCAGTGAAGATATCCTGCAAGGCTTCTGGTTACTCATTCACTGACTACAACATGAACTGGGTGAAGCAGAGCAATGGAAAGAGCCTTGAGTGGATTGGAATAATTAATCCTAACTCTGGTACTACTACCTACAATCAGAAGTTCAAGGGCAAGGCCACATTGACTGTAGACCAATCTTCCAGCACAGCCTACATGCAGCTCAACAGACTGACATCTGAGGACTCTGCAGTCTATTACTGTGCAAGATTGGATGATTACAATGCTATGGACTACTGGGGTCAAGGAACCTCAGTCACCGTCTCCTCAGCCAAAACAACACCCCCATCAGTCTATCCACTGGCCCCTGGGTGTGGAGATACAACTGGTTCCTCTGTGACTCTGGGATGCCTGGTCAAGGGCTACTTCCCTGAGTCAGTGACTGTGACTTGGAACTCTGGATCCCTGTCCAGCAGTGTGCACACCTTCCCAGCTCTCCTGCAGTCTGGACTCTACACTATGAGCAGCTCAGTGACTGTCCCCTCCAGCACCTGGCCAAGTCAGACCGTCACCTGCAGCGTTGCTCACCCAGCCAGCAGCACCACGGTGGACAAAAAACTTGAGCCCAGCGGGCCCATTTCAACAATCAACCCCTGTCCTCCATGC	CAAATTGTTCTCACCCAGTCTCCAGCACTCATGTCTGCATCTCCAGGGGAGAAGGTCACCATGACCTGCAGTGCCAGCTCAAGTGTAAGTTACATGTACTGGTACCAGCAGAAGCCAAGATCCTCCCCCAAACCCTGGATTTATCTCACATCCAACCTGGCTTCTGGAGTCCCTGCTCGCTTCAGTGGCAGTGGGTCTGGGACCTCTTACTCTCTCACAATCAGCAGCATGGAGGCTGAAGATGCTGCCACTTATTACTGCCAGCAGTGGAGTAGTAATCCATTCACGTTCGGCTCGGGGACAAAGTTGGAAATAAAACGGGCTGATGCTGCACCAACTGTATCCATCTTCCCACCATCCAGTGAGCAGTTAACATCTGGAGGTGCCTCAGTCGTGTGCTTCTTGAACAACTTCTACCCCAAAGACATCAATGTCAAGTGGAAGATTGATGGCAGTGAACGACAAAATGGCGTCCTGAACAGTTGGACTGATCAGGACAGCAAAGACAGCACCTACAGCATGAGCAGCACCCTCACGTTGACCAAGGACGAGTATGAACGACATAACAGCTATACCTGTGAGGCCACTCACAAGACATCAACTTCACCCATTGTCAAGAGCTTCAACAGGAATGAGTGT
CIIH113		IGHV1S130	IGKV1-135	IGHJ4		ASGYTFTSYWM	AR	SCKSSQSLLDSDGKTYLNWL	IYLVSKLDSGV	YCWQGT	GSVLVRPGASVKLSCKASGYTFTSYWMHWVKQRPGQGLEWIGEIYPNSGRTNYNEKFKGKATLTVDTSSSTAYMDLSSLTSEDSAVYYCARDYG	TLSVTIGQPASISCKSSQSLLDSDGKTYLNWLLQRPGQSPKRLIYLVSKLDSGVPDRFTGSGSGTDFTLKISRVEAEDLGVYYCWQGTHFP	GAGTTCCAGCTGCAGCAGTCTGGACCTGAGCTGGTGAAGCCTGGCGCTTCAGTGAAGATATCCTGCAAGGCTTCTGGTTACTCATTCACTGACTACAACATGAACTGGGTGAAGCAGAGCAATGGAAAGAGCCTTGAGTGGATTGGAATAATTAATCCTAACTCTGGTACTACTACCTACAATCAGAAGTTCAAGGGCAAGGCCACATTGACTGTAGACCAATCTTCCAGCACAGCCTACATGCAGCTCAACAGACTGACATCTGAGGACTCTGCAGTCTATTACTGTGCAAGATTGGATGATTACAATGCTATGGACTACTGGGGTCAAGGAACCTCAGTCACCGTCTCCTCAGCCAAAACAACACCCCCATCAGTCTATCCACTGGCCCCTGGGTGTGGAGATACAACTGGTTCCTCTGTGACTCTGGGATGCCTGGTCAAGGGCTACTTCCCTGAGTCAGTGACTGTGACTTGGAACTCTGGATCCCTGTCCAGCAGTGTGCACACCTTCCCAGCTCTCCTGCAGTCTGGACTCTACACTATGAGCAGCTCAGTGACTGTCCCCTCCAGCACCTGGCCAAGTCAGACCGTCACCTGCAGCGTTGCTCACCCAGCCAGCAGCACCACGGTGGACAAAAAACTTGAGCCCAGCGGGCCCATTTCAACAATCAACCCCTGTCCTCCATGC	CAAATTGTTCTCACCCAGTCTCCAGCACTCATGTCTGCATCTCCAGGGGAGAAGGTCACCATGACCTGCAGTGCCAGCTCAAGTGTAAGTTACATGTACTGGTACCAGCAGAAGCCAAGATCCTCCCCCAAACCCTGGATTTATCTCACATCCAACCTGGCTTCTGGAGTCCCTGCTCGCTTCAGTGGCAGTGGGTCTGGGACCTCTTACTCTCTCACAATCAGCAGCATGGAGGCTGAAGATGCTGCCACTTATTACTGCCAGCAGTGGAGTAGTAATCCATTCACGTTCGGCTCGGGGACAAAGTTGGAAATAAAACGGGCTGATGCTGCACCAACTGTATCCATCTTCCCACCATCCAGTGAGCAGTTAACATCTGGAGGTGCCTCAGTCGTGTGCTTCTTGAACAACTTCTACCCCAAAGACATCAATGTCAAGTGGAAGATTGATGGCAGTGAACGACAAAATGGCGTCCTGAACAGTTGGACTGATCAGGACAGCAAAGACAGCACCTACAGCATGAGCAGCACCCTCACGTTGACCAAGGACGAGTATGAACGACATAACAGCTATACCTGTGAGGCCACTCACAAGACATCAACTTCACCCATTGTCAAGAGCTTCAACAGGAATGAGTGT
GB8	C1	IGHV1-26	IGKV1-133	IGHJ2	IGKJ1	ASGYTFTDYYM	ARNWDGDYWG	SCKSSQSLLYSNGKTYLNWL	IYLVSKLDSGV	YCVQGTHFPRTFG	EVQLQQSGPELVKPGASVKISCKASGYTFTDYYMNWIKQSHGKSLEWIGDINPINGGTSYNQSFKGKATLTVDKSSSTAYMEVRSLTSEDSAVYYCARNWDGDYWGQGTTLTVSS	DVVMTQTPLTLSVTIGQPASISCKSSQSLLYSNGKTYLNWLFQRPGQSPKRLIYLVSKLDSGVPDRFTGSGSGTDFTLKISRVEAEDLGVYYCVQGTHFPRTFGGGTKLEIK	GAGTTCCAGCTGCAGCAGTCTGGACCTGAGCTGGTGAAGCCTGGCGCTTCAGTGAAGATATCCTGCAAGGCTTCTGGTTACTCATTCACTGACTACAACATGAACTGGGTGAAGCAGAGCAATGGAAAGAGCCTTGAGTGGATTGGAATAATTAATCCTAACTCTGGTACTACTACCTACAATCAGAAGTTCAAGGGCAAGGCCACATTGACTGTAGACCAATCTTCCAGCACAGCCTACATGCAGCTCAACAGACTGACATCTGAGGACTCTGCAGTCTATTACTGTGCAAGATTGGATGATTACAATGCTATGGACTACTGGGGTCAAGGAACCTCAGTCACCGTCTCCTCAGCCAAAACAACACCCCCATCAGTCTATCCACTGGCCCCTGGGTGTGGAGATACAACTGGTTCCTCTGTGACTCTGGGATGCCTGGTCAAGGGCTACTTCCCTGAGTCAGTGACTGTGACTTGGAACTCTGGATCCCTGTCCAGCAGTGTGCACACCTTCCCAGCTCTCCTGCAGTCTGGACTCTACACTATGAGCAGCTCAGTGACTGTCCCCTCCAGCACCTGGCCAAGTCAGACCGTCACCTGCAGCGTTGCTCACCCAGCCAGCAGCACCACGGTGGACAAAAAACTTGAGCCCAGCGGGCCCATTTCAACAATCAACCCCTGTCCTCCATGC	CAAATTGTTCTCACCCAGTCTCCAGCACTCATGTCTGCATCTCCAGGGGAGAAGGTCACCATGACCTGCAGTGCCAGCTCAAGTGTAAGTTACATGTACTGGTACCAGCAGAAGCCAAGATCCTCCCCCAAACCCTGGATTTATCTCACATCCAACCTGGCTTCTGGAGTCCCTGCTCGCTTCAGTGGCAGTGGGTCTGGGACCTCTTACTCTCTCACAATCAGCAGCATGGAGGCTGAAGATGCTGCCACTTATTACTGCCAGCAGTGGAGTAGTAATCCATTCACGTTCGGCTCGGGGACAAAGTTGGAAATAAAACGGGCTGATGCTGCACCAACTGTATCCATCTTCCCACCATCCAGTGAGCAGTTAACATCTGGAGGTGCCTCAGTCGTGTGCTTCTTGAACAACTTCTACCCCAAAGACATCAATGTCAAGTGGAAGATTGATGGCAGTGAACGACAAAATGGCGTCCTGAACAGTTGGACTGATCAGGACAGCAAAGACAGCACCTACAGCATGAGCAGCACCCTCACGTTGACCAAGGACGAGTATGAACGACATAACAGCTATACCTGTGAGGCCACTCACAAGACATCAACTTCACCCATTGTCAAGAGCTTCAACAGGAATGAGTGT
L121	C1	IGHV1-18	NA	IGHJ1	NA	ASGYTFTDYSM	ARSSYWYFDVWG				SVKISCKASGYTFTDYSMDWVKQSHGKSLEWIGAINLNSGVTSYNQKFKGKATLTVDKSSSTAYMELRSLTSEDSAVYYCARSSYWYFDVWGAGTTVTVSS	NA	GAGTTCCAGCTGCAGCAGTCTGGACCTGAGCTGGTGAAGCCTGGCGCTTCAGTGAAGATATCCTGCAAGGCTTCTGGTTACTCATTCACTGACTACAACATGAACTGGGTGAAGCAGAGCAATGGAAAGAGCCTTGAGTGGATTGGAATAATTAATCCTAACTCTGGTACTACTACCTACAATCAGAAGTTCAAGGGCAAGGCCACATTGACTGTAGACCAATCTTCCAGCACAGCCTACATGCAGCTCAACAGACTGACATCTGAGGACTCTGCAGTCTATTACTGTGCAAGATTGGATGATTACAATGCTATGGACTACTGGGGTCAAGGAACCTCAGTCACCGTCTCCTCAGCCAAAACAACACCCCCATCAGTCTATCCACTGGCCCCTGGGTGTGGAGATACAACTGGTTCCTCTGTGACTCTGGGATGCCTGGTCAAGGGCTACTTCCCTGAGTCAGTGACTGTGACTTGGAACTCTGGATCCCTGTCCAGCAGTGTGCACACCTTCCCAGCTCTCCTGCAGTCTGGACTCTACACTATGAGCAGCTCAGTGACTGTCCCCTCCAGCACCTGGCCAAGTCAGACCGTCACCTGCAGCGTTGCTCACCCAGCCAGCAGCACCACGGTGGACAAAAAACTTGAGCCCAGCGGGCCCATTTCAACAATCAACCCCTGTCCTCCATGC	CAAATTGTTCTCACCCAGTCTCCAGCACTCATGTCTGCATCTCCAGGGGAGAAGGTCACCATGACCTGCAGTGCCAGCTCAAGTGTAAGTTACATGTACTGGTACCAGCAGAAGCCAAGATCCTCCCCCAAACCCTGGATTTATCTCACATCCAACCTGGCTTCTGGAGTCCCTGCTCGCTTCAGTGGCAGTGGGTCTGGGACCTCTTACTCTCTCACAATCAGCAGCATGGAGGCTGAAGATGCTGCCACTTATTACTGCCAGCAGTGGAGTAGTAATCCATTCACGTTCGGCTCGGGGACAAAGTTGGAAATAAAACGGGCTGATGCTGCACCAACTGTATCCATCTTCCCACCATCCAGTGAGCAGTTAACATCTGGAGGTGCCTCAGTCGTGTGCTTCTTGAACAACTTCTACCCCAAAGACATCAATGTCAAGTGGAAGATTGATGGCAGTGAACGACAAAATGGCGTCCTGAACAGTTGGACTGATCAGGACAGCAAAGACAGCACCTACAGCATGAGCAGCACCCTCACGTTGACCAAGGACGAGTATGAACGACATAACAGCTATACCTGTGAGGCCACTCACAAGACATCAACTTCACCCATTGTCAAGAGCTTCAACAGGAATGAGTGT
L15	F4/J1	IGHV3-6	IGKV3-5	IGHJ4	IGKJ2	VTGYSITSDYYW	AREELRRDAMDYWG	SCRASESVDSYGNSFMHWY	IYRASNLESGI	YCQQSNEDPYTFG	SLSLTCSVTGYSITSDYYWHWIRQFPGNKLEWMGYISYDGSNNYNPSLKNRISITRDTSKNQFFLKLNSVTTEDTATYYCAREELRRDAMDYWGQGTSVTVSS	SLAVSLGQRATISCRASESVDSYGNSFMHWYQQKPGQPPKLLIYRASNLESGIPARFSGSGSRTDFTLTINPVEADDVATYYCQQSNEDPYTFGGGTKLEIK	GAGTTCCAGCTGCAGCAGTCTGGACCTGAGCTGGTGAAGCCTGGCGCTTCAGTGAAGATATCCTGCAAGGCTTCTGGTTACTCATTCACTGACTACAACATGAACTGGGTGAAGCAGAGCAATGGAAAGAGCCTTGAGTGGATTGGAATAATTAATCCTAACTCTGGTACTACTACCTACAATCAGAAGTTCAAGGGCAAGGCCACATTGACTGTAGACCAATCTTCCAGCACAGCCTACATGCAGCTCAACAGACTGACATCTGAGGACTCTGCAGTCTATTACTGTGCAAGATTGGATGATTACAATGCTATGGACTACTGGGGTCAAGGAACCTCAGTCACCGTCTCCTCAGCCAAAACAACACCCCCATCAGTCTATCCACTGGCCCCTGGGTGTGGAGATACAACTGGTTCCTCTGTGACTCTGGGATGCCTGGTCAAGGGCTACTTCCCTGAGTCAGTGACTGTGACTTGGAACTCTGGATCCCTGTCCAGCAGTGTGCACACCTTCCCAGCTCTCCTGCAGTCTGGACTCTACACTATGAGCAGCTCAGTGACTGTCCCCTCCAGCACCTGGCCAAGTCAGACCGTCACCTGCAGCGTTGCTCACCCAGCCAGCAGCACCACGGTGGACAAAAAACTTGAGCCCAGCGGGCCCATTTCAACAATCAACCCCTGTCCTCCATGC	CAAATTGTTCTCACCCAGTCTCCAGCACTCATGTCTGCATCTCCAGGGGAGAAGGTCACCATGACCTGCAGTGCCAGCTCAAGTGTAAGTTACATGTACTGGTACCAGCAGAAGCCAAGATCCTCCCCCAAACCCTGGATTTATCTCACATCCAACCTGGCTTCTGGAGTCCCTGCTCGCTTCAGTGGCAGTGGGTCTGGGACCTCTTACTCTCTCACAATCAGCAGCATGGAGGCTGAAGATGCTGCCACTTATTACTGCCAGCAGTGGAGTAGTAATCCATTCACGTTCGGCTCGGGGACAAAGTTGGAAATAAAACGGGCTGATGCTGCACCAACTGTATCCATCTTCCCACCATCCAGTGAGCAGTTAACATCTGGAGGTGCCTCAGTCGTGTGCTTCTTGAACAACTTCTACCCCAAAGACATCAATGTCAAGTGGAAGATTGATGGCAGTGAACGACAAAATGGCGTCCTGAACAGTTGGACTGATCAGGACAGCAAAGACAGCACCTACAGCATGAGCAGCACCCTCACGTTGACCAAGGACGAGTATGAACGACATAACAGCTATACCTGTGAGGCCACTCACAAGACATCAACTTCACCCATTGTCAAGAGCTTCAACAGGAATGAGTGT
L173	B1	IGHV1S55	IGKV3-5	IGHJ1	IGKJ2	TSYWM	ARNYEGWYFDVWG	SCRASESVDSYGNSFMHWY	IYRASNLESGI	YCQQSNEDPYTFG	TFTSYWMNWVKQRPGQGLEWIGGIYPNGGNTDYIEKFKGKATLTVDTSSSTAYMDLSSLTSEDSAVYYCARNYEGWYFDVWGAGTTVTVSS	SLAVSLGQRATISCRASESVDSYGNSFMHWYQQKPGQPPKLLIYRASNLESGIPARFSGSGSRTDFTLTINPVEADDVATYYCQQSNEDPYTFGGGTKLEIK	GAGTTCCAGCTGCAGCAGTCTGGACCTGAGCTGGTGAAGCCTGGCGCTTCAGTGAAGATATCCTGCAAGGCTTCTGGTTACTCATTCACTGACTACAACATGAACTGGGTGAAGCAGAGCAATGGAAAGAGCCTTGAGTGGATTGGAATAATTAATCCTAACTCTGGTACTACTACCTACAATCAGAAGTTCAAGGGCAAGGCCACATTGACTGTAGACCAATCTTCCAGCACAGCCTACATGCAGCTCAACAGACTGACATCTGAGGACTCTGCAGTCTATTACTGTGCAAGATTGGATGATTACAATGCTATGGACTACTGGGGTCAAGGAACCTCAGTCACCGTCTCCTCAGCCAAAACAACACCCCCATCAGTCTATCCACTGGCCCCTGGGTGTGGAGATACAACTGGTTCCTCTGTGACTCTGGGATGCCTGGTCAAGGGCTACTTCCCTGAGTCAGTGACTGTGACTTGGAACTCTGGATCCCTGTCCAGCAGTGTGCACACCTTCCCAGCTCTCCTGCAGTCTGGACTCTACACTATGAGCAGCTCAGTGACTGTCCCCTCCAGCACCTGGCCAAGTCAGACCGTCACCTGCAGCGTTGCTCACCCAGCCAGCAGCACCACGGTGGACAAAAAACTTGAGCCCAGCGGGCCCATTTCAACAATCAACCCCTGTCCTCCATGC	CAAATTGTTCTCACCCAGTCTCCAGCACTCATGTCTGCATCTCCAGGGGAGAAGGTCACCATGACCTGCAGTGCCAGCTCAAGTGTAAGTTACATGTACTGGTACCAGCAGAAGCCAAGATCCTCCCCCAAACCCTGGATTTATCTCACATCCAACCTGGCTTCTGGAGTCCCTGCTCGCTTCAGTGGCAGTGGGTCTGGGACCTCTTACTCTCTCACAATCAGCAGCATGGAGGCTGAAGATGCTGCCACTTATTACTGCCAGCAGTGGAGTAGTAATCCATTCACGTTCGGCTCGGGGACAAAGTTGGAAATAAAACGGGCTGATGCTGCACCAACTGTATCCATCTTCCCACCATCCAGTGAGCAGTTAACATCTGGAGGTGCCTCAGTCGTGTGCTTCTTGAACAACTTCTACCCCAAAGACATCAATGTCAAGTGGAAGATTGATGGCAGTGAACGACAAAATGGCGTCCTGAACAGTTGGACTGATCAGGACAGCAAAGACAGCACCTACAGCATGAGCAGCACCCTCACGTTGACCAAGGACGAGTATGAACGACATAACAGCTATACCTGTGAGGCCACTCACAAGACATCAACTTCACCCATTGTCAAGAGCTTCAACAGGAATGAGTGT
L189	C1	IGHV1-26	NA	IGHJ2	NA	ASGYTFTDYSM	ARAGYSLDYWG				VKPGSSVKISCKASGYTFTDYSMDWVKQSHGKSLEWIGAISPNNGGTSYNQKFTGKATLTVDKSSSTAYMELRSLTSEDSAVYYCARAGYSLDYWGQGTTLTVSS	NA	GAGTTCCAGCTGCAGCAGTCTGGACCTGAGCTGGTGAAGCCTGGCGCTTCAGTGAAGATATCCTGCAAGGCTTCTGGTTACTCATTCACTGACTACAACATGAACTGGGTGAAGCAGAGCAATGGAAAGAGCCTTGAGTGGATTGGAATAATTAATCCTAACTCTGGTACTACTACCTACAATCAGAAGTTCAAGGGCAAGGCCACATTGACTGTAGACCAATCTTCCAGCACAGCCTACATGCAGCTCAACAGACTGACATCTGAGGACTCTGCAGTCTATTACTGTGCAAGATTGGATGATTACAATGCTATGGACTACTGGGGTCAAGGAACCTCAGTCACCGTCTCCTCAGCCAAAACAACACCCCCATCAGTCTATCCACTGGCCCCTGGGTGTGGAGATACAACTGGTTCCTCTGTGACTCTGGGATGCCTGGTCAAGGGCTACTTCCCTGAGTCAGTGACTGTGACTTGGAACTCTGGATCCCTGTCCAGCAGTGTGCACACCTTCCCAGCTCTCCTGCAGTCTGGACTCTACACTATGAGCAGCTCAGTGACTGTCCCCTCCAGCACCTGGCCAAGTCAGACCGTCACCTGCAGCGTTGCTCACCCAGCCAGCAGCACCACGGTGGACAAAAAACTTGAGCCCAGCGGGCCCATTTCAACAATCAACCCCTGTCCTCCATGC	CAAATTGTTCTCACCCAGTCTCCAGCACTCATGTCTGCATCTCCAGGGGAGAAGGTCACCATGACCTGCAGTGCCAGCTCAAGTGTAAGTTACATGTACTGGTACCAGCAGAAGCCAAGATCCTCCCCCAAACCCTGGATTTATCTCACATCCAACCTGGCTTCTGGAGTCCCTGCTCGCTTCAGTGGCAGTGGGTCTGGGACCTCTTACTCTCTCACAATCAGCAGCATGGAGGCTGAAGATGCTGCCACTTATTACTGCCAGCAGTGGAGTAGTAATCCATTCACGTTCGGCTCGGGGACAAAGTTGGAAATAAAACGGGCTGATGCTGCACCAACTGTATCCATCTTCCCACCATCCAGTGAGCAGTTAACATCTGGAGGTGCCTCAGTCGTGTGCTTCTTGAACAACTTCTACCCCAAAGACATCAATGTCAAGTGGAAGATTGATGGCAGTGAACGACAAAATGGCGTCCTGAACAGTTGGACTGATCAGGACAGCAAAGACAGCACCTACAGCATGAGCAGCACCCTCACGTTGACCAAGGACGAGTATGAACGACATAACAGCTATACCTGTGAGGCCACTCACAAGACATCAACTTCACCCATTGTCAAGAGCTTCAACAGGAATGAGTGT
L346	D3	IGHV4-2	IGKV3-12	IGHJ3	IGKJ4	ASGFDFSKDWM	ARDGGSFAYWG	SCRASKSVSTSDYNYMHWY	IYLASNLESGV	YCQHSRELPFTFG	GLVQPGGSLNLSCAASGFDFSKDWMSWVRQAPGKGLEWIGEINPGSNTIYYAPSLKDKFIISRDNAKNTLYLQMSKVRSEDTALYYCARDGGSFAYWGQGTLVTVSA	SLAVSLGQRATISCRASKSVSTSDYNYMHWYQQKPGQPPKLLIYLASNLESGVPARFSGSGSGTDFTLNIHPVEEEDAATYYCQHSRELPFTFGSGTKLEIK	GAGTTCCAGCTGCAGCAGTCTGGACCTGAGCTGGTGAAGCCTGGCGCTTCAGTGAAGATATCCTGCAAGGCTTCTGGTTACTCATTCACTGACTACAACATGAACTGGGTGAAGCAGAGCAATGGAAAGAGCCTTGAGTGGATTGGAATAATTAATCCTAACTCTGGTACTACTACCTACAATCAGAAGTTCAAGGGCAAGGCCACATTGACTGTAGACCAATCTTCCAGCACAGCCTACATGCAGCTCAACAGACTGACATCTGAGGACTCTGCAGTCTATTACTGTGCAAGATTGGATGATTACAATGCTATGGACTACTGGGGTCAAGGAACCTCAGTCACCGTCTCCTCAGCCAAAACAACACCCCCATCAGTCTATCCACTGGCCCCTGGGTGTGGAGATACAACTGGTTCCTCTGTGACTCTGGGATGCCTGGTCAAGGGCTACTTCCCTGAGTCAGTGACTGTGACTTGGAACTCTGGATCCCTGTCCAGCAGTGTGCACACCTTCCCAGCTCTCCTGCAGTCTGGACTCTACACTATGAGCAGCTCAGTGACTGTCCCCTCCAGCACCTGGCCAAGTCAGACCGTCACCTGCAGCGTTGCTCACCCAGCCAGCAGCACCACGGTGGACAAAAAACTTGAGCCCAGCGGGCCCATTTCAACAATCAACCCCTGTCCTCCATGC	CAAATTGTTCTCACCCAGTCTCCAGCACTCATGTCTGCATCTCCAGGGGAGAAGGTCACCATGACCTGCAGTGCCAGCTCAAGTGTAAGTTACATGTACTGGTACCAGCAGAAGCCAAGATCCTCCCCCAAACCCTGGATTTATCTCACATCCAACCTGGCTTCTGGAGTCCCTGCTCGCTTCAGTGGCAGTGGGTCTGGGACCTCTTACTCTCTCACAATCAGCAGCATGGAGGCTGAAGATGCTGCCACTTATTACTGCCAGCAGTGGAGTAGTAATCCATTCACGTTCGGCTCGGGGACAAAGTTGGAAATAAAACGGGCTGATGCTGCACCAACTGTATCCATCTTCCCACCATCCAGTGAGCAGTTAACATCTGGAGGTGCCTCAGTCGTGTGCTTCTTGAACAACTTCTACCCCAAAGACATCAATGTCAAGTGGAAGATTGATGGCAGTGAACGACAAAATGGCGTCCTGAACAGTTGGACTGATCAGGACAGCAAAGACAGCACCTACAGCATGAGCAGCACCCTCACGTTGACCAAGGACGAGTATGAACGACATAACAGCTATACCTGTGAGGCCACTCACAAGACATCAACTTCACCCATTGTCAAGAGCTTCAACAGGAATGAGTGT
L423	F4	NA	IGKV3-5	NA	IGKJ2			SCRASESVDSYGNSFMHWY	IYRASNLESGI	YCQQSNEDPYTFG	NA	SLAVSLGQRATISCRASESVDSYGNSFMHWYQQKPGQPPKLLIYRASNLESGIPARFSGGGSRTDFTLTIYPVEADDVATYYCQQSNEDPYTFGGGTMLEIK	GAGTTCCAGCTGCAGCAGTCTGGACCTGAGCTGGTGAAGCCTGGCGCTTCAGTGAAGATATCCTGCAAGGCTTCTGGTTACTCATTCACTGACTACAACATGAACTGGGTGAAGCAGAGCAATGGAAAGAGCCTTGAGTGGATTGGAATAATTAATCCTAACTCTGGTACTACTACCTACAATCAGAAGTTCAAGGGCAAGGCCACATTGACTGTAGACCAATCTTCCAGCACAGCCTACATGCAGCTCAACAGACTGACATCTGAGGACTCTGCAGTCTATTACTGTGCAAGATTGGATGATTACAATGCTATGGACTACTGGGGTCAAGGAACCTCAGTCACCGTCTCCTCAGCCAAAACAACACCCCCATCAGTCTATCCACTGGCCCCTGGGTGTGGAGATACAACTGGTTCCTCTGTGACTCTGGGATGCCTGGTCAAGGGCTACTTCCCTGAGTCAGTGACTGTGACTTGGAACTCTGGATCCCTGTCCAGCAGTGTGCACACCTTCCCAGCTCTCCTGCAGTCTGGACTCTACACTATGAGCAGCTCAGTGACTGTCCCCTCCAGCACCTGGCCAAGTCAGACCGTCACCTGCAGCGTTGCTCACCCAGCCAGCAGCACCACGGTGGACAAAAAACTTGAGCCCAGCGGGCCCATTTCAACAATCAACCCCTGTCCTCCATGC	CAAATTGTTCTCACCCAGTCTCCAGCACTCATGTCTGCATCTCCAGGGGAGAAGGTCACCATGACCTGCAGTGCCAGCTCAAGTGTAAGTTACATGTACTGGTACCAGCAGAAGCCAAGATCCTCCCCCAAACCCTGGATTTATCTCACATCCAACCTGGCTTCTGGAGTCCCTGCTCGCTTCAGTGGCAGTGGGTCTGGGACCTCTTACTCTCTCACAATCAGCAGCATGGAGGCTGAAGATGCTGCCACTTATTACTGCCAGCAGTGGAGTAGTAATCCATTCACGTTCGGCTCGGGGACAAAGTTGGAAATAAAACGGGCTGATGCTGCACCAACTGTATCCATCTTCCCACCATCCAGTGAGCAGTTAACATCTGGAGGTGCCTCAGTCGTGTGCTTCTTGAACAACTTCTACCCCAAAGACATCAATGTCAAGTGGAAGATTGATGGCAGTGAACGACAAAATGGCGTCCTGAACAGTTGGACTGATCAGGACAGCAAAGACAGCACCTACAGCATGAGCAGCACCCTCACGTTGACCAAGGACGAGTATGAACGACATAACAGCTATACCTGTGAGGCCACTCACAAGACATCAACTTCACCCATTGTCAAGAGCTTCAACAGGAATGAGTGT
L7	C1	IGHV1-12	IGKV3-4	IGHJ1	IGKJ2	ASGYTFTSYNI	ARKDYYFDVWG	SCKASQSVDYDGDSYMNWY	IYAASNLESGI	YCQQSNEDPYTFG	ASVKMSCKASGYTFTSYNIHWVKQTPGQGLEWIGAIYPGNGDTSYNQKFKGKATLTADKSSSTAYMQLSSLTSEDSAVYYCARKDYYFDVWGAGTTVTVSS	LGQRATISCKASQSVDYDGDSYMNWYQQKPGQPPKLLIYAASNLESGIPARFSGSGSGTDFTLNIHPVEEEDAATYYCQQSNEDPYTFGGGTKLEIK	GAGTTCCAGCTGCAGCAGTCTGGACCTGAGCTGGTGAAGCCTGGCGCTTCAGTGAAGATATCCTGCAAGGCTTCTGGTTACTCATTCACTGACTACAACATGAACTGGGTGAAGCAGAGCAATGGAAAGAGCCTTGAGTGGATTGGAATAATTAATCCTAACTCTGGTACTACTACCTACAATCAGAAGTTCAAGGGCAAGGCCACATTGACTGTAGACCAATCTTCCAGCACAGCCTACATGCAGCTCAACAGACTGACATCTGAGGACTCTGCAGTCTATTACTGTGCAAGATTGGATGATTACAATGCTATGGACTACTGGGGTCAAGGAACCTCAGTCACCGTCTCCTCAGCCAAAACAACACCCCCATCAGTCTATCCACTGGCCCCTGGGTGTGGAGATACAACTGGTTCCTCTGTGACTCTGGGATGCCTGGTCAAGGGCTACTTCCCTGAGTCAGTGACTGTGACTTGGAACTCTGGATCCCTGTCCAGCAGTGTGCACACCTTCCCAGCTCTCCTGCAGTCTGGACTCTACACTATGAGCAGCTCAGTGACTGTCCCCTCCAGCACCTGGCCAAGTCAGACCGTCACCTGCAGCGTTGCTCACCCAGCCAGCAGCACCACGGTGGACAAAAAACTTGAGCCCAGCGGGCCCATTTCAACAATCAACCCCTGTCCTCCATGC	CAAATTGTTCTCACCCAGTCTCCAGCACTCATGTCTGCATCTCCAGGGGAGAAGGTCACCATGACCTGCAGTGCCAGCTCAAGTGTAAGTTACATGTACTGGTACCAGCAGAAGCCAAGATCCTCCCCCAAACCCTGGATTTATCTCACATCCAACCTGGCTTCTGGAGTCCCTGCTCGCTTCAGTGGCAGTGGGTCTGGGACCTCTTACTCTCTCACAATCAGCAGCATGGAGGCTGAAGATGCTGCCACTTATTACTGCCAGCAGTGGAGTAGTAATCCATTCACGTTCGGCTCGGGGACAAAGTTGGAAATAAAACGGGCTGATGCTGCACCAACTGTATCCATCTTCCCACCATCCAGTGAGCAGTTAACATCTGGAGGTGCCTCAGTCGTGTGCTTCTTGAACAACTTCTACCCCAAAGACATCAATGTCAAGTGGAAGATTGATGGCAGTGAACGACAAAATGGCGTCCTGAACAGTTGGACTGATCAGGACAGCAAAGACAGCACCTACAGCATGAGCAGCACCCTCACGTTGACCAAGGACGAGTATGAACGACATAACAGCTATACCTGTGAGGCCACTCACAAGACATCAACTTCACCCATTGTCAAGAGCTTCAACAGGAATGAGTGT
L97	J1	IGHV1-4	IGKV12-44	IGHJ2	IGKJ2	ASGYTFTSYWM	ARENYYGSSEDYWG	TCRASENIYSYLAWY	VYNAKTLAEGV	YCQHHYTPYTFG	GTSVKMSCKASGYTFTSYWMNWVKQRPGQGLEWIGAINPSNGYTEYNQKFKDKAILTADKSSSTAYMQLSSLTSEDSAVYYCARENYYGSSEDYWGQGTTLTV	SLSASVGETVTITCRASENIYSYLAWYQQKQGKSPQLLVYNAKTLAEGVPSRFSGSGSGTQFSLKINSLQPEDFGSYYCQHHY*TPYTFGGGTKLEIK	GAGTTCCAGCTGCAGCAGTCTGGACCTGAGCTGGTGAAGCCTGGCGCTTCAGTGAAGATATCCTGCAAGGCTTCTGGTTACTCATTCACTGACTACAACATGAACTGGGTGAAGCAGAGCAATGGAAAGAGCCTTGAGTGGATTGGAATAATTAATCCTAACTCTGGTACTACTACCTACAATCAGAAGTTCAAGGGCAAGGCCACATTGACTGTAGACCAATCTTCCAGCACAGCCTACATGCAGCTCAACAGACTGACATCTGAGGACTCTGCAGTCTATTACTGTGCAAGATTGGATGATTACAATGCTATGGACTACTGGGGTCAAGGAACCTCAGTCACCGTCTCCTCAGCCAAAACAACACCCCCATCAGTCTATCCACTGGCCCCTGGGTGTGGAGATACAACTGGTTCCTCTGTGACTCTGGGATGCCTGGTCAAGGGCTACTTCCCTGAGTCAGTGACTGTGACTTGGAACTCTGGATCCCTGTCCAGCAGTGTGCACACCTTCCCAGCTCTCCTGCAGTCTGGACTCTACACTATGAGCAGCTCAGTGACTGTCCCCTCCAGCACCTGGCCAAGTCAGACCGTCACCTGCAGCGTTGCTCACCCAGCCAGCAGCACCACGGTGGACAAAAAACTTGAGCCCAGCGGGCCCATTTCAACAATCAACCCCTGTCCTCCATGC	CAAATTGTTCTCACCCAGTCTCCAGCACTCATGTCTGCATCTCCAGGGGAGAAGGTCACCATGACCTGCAGTGCCAGCTCAAGTGTAAGTTACATGTACTGGTACCAGCAGAAGCCAAGATCCTCCCCCAAACCCTGGATTTATCTCACATCCAACCTGGCTTCTGGAGTCCCTGCTCGCTTCAGTGGCAGTGGGTCTGGGACCTCTTACTCTCTCACAATCAGCAGCATGGAGGCTGAAGATGCTGCCACTTATTACTGCCAGCAGTGGAGTAGTAATCCATTCACGTTCGGCTCGGGGACAAAGTTGGAAATAAAACGGGCTGATGCTGCACCAACTGTATCCATCTTCCCACCATCCAGTGAGCAGTTAACATCTGGAGGTGCCTCAGTCGTGTGCTTCTTGAACAACTTCTACCCCAAAGACATCAATGTCAAGTGGAAGATTGATGGCAGTGAACGACAAAATGGCGTCCTGAACAGTTGGACTGATCAGGACAGCAAAGACAGCACCTACAGCATGAGCAGCACCCTCACGTTGACCAAGGACGAGTATGAACGACATAACAGCTATACCTGTGAGGCCACTCACAAGACATCAACTTCACCCATTGTCAAGAGCTTCAACAGGAATGAGTGT
M136		IGHV1-15	NA	IGHJ4	NA	ASGNTFTDYEM	TRAYYSNYDAMDYWG				VTLSCKASGNTFTDYEMHWVKQTPVHGLEWIGAIDPETGDTAYNQKFKGKATLTADKSSSTAYMELSSLTSEDSAVYYCTRAYYSNYDAMDYWGQGTSVTVSS	NA	GAGTTCCAGCTGCAGCAGTCTGGACCTGAGCTGGTGAAGCCTGGCGCTTCAGTGAAGATATCCTGCAAGGCTTCTGGTTACTCATTCACTGACTACAACATGAACTGGGTGAAGCAGAGCAATGGAAAGAGCCTTGAGTGGATTGGAATAATTAATCCTAACTCTGGTACTACTACCTACAATCAGAAGTTCAAGGGCAAGGCCACATTGACTGTAGACCAATCTTCCAGCACAGCCTACATGCAGCTCAACAGACTGACATCTGAGGACTCTGCAGTCTATTACTGTGCAAGATTGGATGATTACAATGCTATGGACTACTGGGGTCAAGGAACCTCAGTCACCGTCTCCTCAGCCAAAACAACACCCCCATCAGTCTATCCACTGGCCCCTGGGTGTGGAGATACAACTGGTTCCTCTGTGACTCTGGGATGCCTGGTCAAGGGCTACTTCCCTGAGTCAGTGACTGTGACTTGGAACTCTGGATCCCTGTCCAGCAGTGTGCACACCTTCCCAGCTCTCCTGCAGTCTGGACTCTACACTATGAGCAGCTCAGTGACTGTCCCCTCCAGCACCTGGCCAAGTCAGACCGTCACCTGCAGCGTTGCTCACCCAGCCAGCAGCACCACGGTGGACAAAAAACTTGAGCCCAGCGGGCCCATTTCAACAATCAACCCCTGTCCTCCATGC	CAAATTGTTCTCACCCAGTCTCCAGCACTCATGTCTGCATCTCCAGGGGAGAAGGTCACCATGACCTGCAGTGCCAGCTCAAGTGTAAGTTACATGTACTGGTACCAGCAGAAGCCAAGATCCTCCCCCAAACCCTGGATTTATCTCACATCCAACCTGGCTTCTGGAGTCCCTGCTCGCTTCAGTGGCAGTGGGTCTGGGACCTCTTACTCTCTCACAATCAGCAGCATGGAGGCTGAAGATGCTGCCACTTATTACTGCCAGCAGTGGAGTAGTAATCCATTCACGTTCGGCTCGGGGACAAAGTTGGAAATAAAACGGGCTGATGCTGCACCAACTGTATCCATCTTCCCACCATCCAGTGAGCAGTTAACATCTGGAGGTGCCTCAGTCGTGTGCTTCTTGAACAACTTCTACCCCAAAGACATCAATGTCAAGTGGAAGATTGATGGCAGTGAACGACAAAATGGCGTCCTGAACAGTTGGACTGATCAGGACAGCAAAGACAGCACCTACAGCATGAGCAGCACCCTCACGTTGACCAAGGACGAGTATGAACGACATAACAGCTATACCTGTGAGGCCACTCACAAGACATCAACTTCACCCATTGTCAAGAGCTTCAACAGGAATGAGTGT
M139	J1	IGHV1-4	IGKV3-1	IGHJ2	IGKJ2	ASGYAFISYWM	ARYGGYFDYWG	SCRASESVEYFGTSLMQWY	IYAASNVESGV	FCQQSREVPYTFG	TSVKMSCKASGYAFISYWMNWVKQRPGQGLEWIGAINPSDGYTEYNQKFKDKAIMTADRSSSTAYMQLSSLTSEDSALYYCARYGGYFDYWGQGTTLTVSS	SLAVSLGQRATISCRASESVEYFGTSLMQWYQQKPGQPPKLLIYAASNVESGVPARFSGSGSGTDFSLNIHPVEEDDIAMYFCQQSREVPYTFGGG	GAGTTCCAGCTGCAGCAGTCTGGACCTGAGCTGGTGAAGCCTGGCGCTTCAGTGAAGATATCCTGCAAGGCTTCTGGTTACTCATTCACTGACTACAACATGAACTGGGTGAAGCAGAGCAATGGAAAGAGCCTTGAGTGGATTGGAATAATTAATCCTAACTCTGGTACTACTACCTACAATCAGAAGTTCAAGGGCAAGGCCACATTGACTGTAGACCAATCTTCCAGCACAGCCTACATGCAGCTCAACAGACTGACATCTGAGGACTCTGCAGTCTATTACTGTGCAAGATTGGATGATTACAATGCTATGGACTACTGGGGTCAAGGAACCTCAGTCACCGTCTCCTCAGCCAAAACAACACCCCCATCAGTCTATCCACTGGCCCCTGGGTGTGGAGATACAACTGGTTCCTCTGTGACTCTGGGATGCCTGGTCAAGGGCTACTTCCCTGAGTCAGTGACTGTGACTTGGAACTCTGGATCCCTGTCCAGCAGTGTGCACACCTTCCCAGCTCTCCTGCAGTCTGGACTCTACACTATGAGCAGCTCAGTGACTGTCCCCTCCAGCACCTGGCCAAGTCAGACCGTCACCTGCAGCGTTGCTCACCCAGCCAGCAGCACCACGGTGGACAAAAAACTTGAGCCCAGCGGGCCCATTTCAACAATCAACCCCTGTCCTCCATGC	CAAATTGTTCTCACCCAGTCTCCAGCACTCATGTCTGCATCTCCAGGGGAGAAGGTCACCATGACCTGCAGTGCCAGCTCAAGTGTAAGTTACATGTACTGGTACCAGCAGAAGCCAAGATCCTCCCCCAAACCCTGGATTTATCTCACATCCAACCTGGCTTCTGGAGTCCCTGCTCGCTTCAGTGGCAGTGGGTCTGGGACCTCTTACTCTCTCACAATCAGCAGCATGGAGGCTGAAGATGCTGCCACTTATTACTGCCAGCAGTGGAGTAGTAATCCATTCACGTTCGGCTCGGGGACAAAGTTGGAAATAAAACGGGCTGATGCTGCACCAACTGTATCCATCTTCCCACCATCCAGTGAGCAGTTAACATCTGGAGGTGCCTCAGTCGTGTGCTTCTTGAACAACTTCTACCCCAAAGACATCAATGTCAAGTGGAAGATTGATGGCAGTGAACGACAAAATGGCGTCCTGAACAGTTGGACTGATCAGGACAGCAAAGACAGCACCTACAGCATGAGCAGCACCCTCACGTTGACCAAGGACGAGTATGAACGACATAACAGCTATACCTGTGAGGCCACTCACAAGACATCAACTTCACCCATTGTCAAGAGCTTCAACAGGAATGAGTGT
M191	B1	NA	IGHV7-3	NA	IGHJ2			TSGFTFTDYYM	FIRNKANGYTTE	ARDMRGNYYFVYWG	NA	EVKLVESGGGLVQPGGSLRLSCATSGFTFTDYYMSWVRQPPGKALEWLGFIRNKANGYTTEYSASVKGRFTISRDNSQSILYLQMNTLRAEDSATYYCARDMRGNYYFVYWGQGTTLTVSS	GAGTTCCAGCTGCAGCAGTCTGGACCTGAGCTGGTGAAGCCTGGCGCTTCAGTGAAGATATCCTGCAAGGCTTCTGGTTACTCATTCACTGACTACAACATGAACTGGGTGAAGCAGAGCAATGGAAAGAGCCTTGAGTGGATTGGAATAATTAATCCTAACTCTGGTACTACTACCTACAATCAGAAGTTCAAGGGCAAGGCCACATTGACTGTAGACCAATCTTCCAGCACAGCCTACATGCAGCTCAACAGACTGACATCTGAGGACTCTGCAGTCTATTACTGTGCAAGATTGGATGATTACAATGCTATGGACTACTGGGGTCAAGGAACCTCAGTCACCGTCTCCTCAGCCAAAACAACACCCCCATCAGTCTATCCACTGGCCCCTGGGTGTGGAGATACAACTGGTTCCTCTGTGACTCTGGGATGCCTGGTCAAGGGCTACTTCCCTGAGTCAGTGACTGTGACTTGGAACTCTGGATCCCTGTCCAGCAGTGTGCACACCTTCCCAGCTCTCCTGCAGTCTGGACTCTACACTATGAGCAGCTCAGTGACTGTCCCCTCCAGCACCTGGCCAAGTCAGACCGTCACCTGCAGCGTTGCTCACCCAGCCAGCAGCACCACGGTGGACAAAAAACTTGAGCCCAGCGGGCCCATTTCAACAATCAACCCCTGTCCTCCATGC	CAAATTGTTCTCACCCAGTCTCCAGCACTCATGTCTGCATCTCCAGGGGAGAAGGTCACCATGACCTGCAGTGCCAGCTCAAGTGTAAGTTACATGTACTGGTACCAGCAGAAGCCAAGATCCTCCCCCAAACCCTGGATTTATCTCACATCCAACCTGGCTTCTGGAGTCCCTGCTCGCTTCAGTGGCAGTGGGTCTGGGACCTCTTACTCTCTCACAATCAGCAGCATGGAGGCTGAAGATGCTGCCACTTATTACTGCCAGCAGTGGAGTAGTAATCCATTCACGTTCGGCTCGGGGACAAAGTTGGAAATAAAACGGGCTGATGCTGCACCAACTGTATCCATCTTCCCACCATCCAGTGAGCAGTTAACATCTGGAGGTGCCTCAGTCGTGTGCTTCTTGAACAACTTCTACCCCAAAGACATCAATGTCAAGTGGAAGATTGATGGCAGTGAACGACAAAATGGCGTCCTGAACAGTTGGACTGATCAGGACAGCAAAGACAGCACCTACAGCATGAGCAGCACCCTCACGTTGACCAAGGACGAGTATGAACGACATAACAGCTATACCTGTGAGGCCACTCACAAGACATCAACTTCACCCATTGTCAAGAGCTTCAACAGGAATGAGTGT
M332	J1	IGHV1-7	IGKV12-44	IGHJ4	IGKJ2	ASGYTFTSYWM	ARHSYDGNAMDYWG	TCRASENIYSYLEWY	VYNAKTLAEGV	YCQHHYTPYTFG	QVQLQQSGAELAKPGTSVKMSCKASGYTFTSYWMTWVKQRPGQGLEWIGAINPSNGYTEYNQKFKDKAILTADKSSRTAYMQLSRLTSEDSAVYYCARHSYDGNAMDYWGQGTSVTVSS	SLSASVGETVTITCRASENIYSYLEWYQQKQGKSPQLLVYNAKTLAEGVPSRFSGSGSGTQFSLKINSLQPEDFGSYYCQHHY*TPYTFGGGTKLEIK	GAGTTCCAGCTGCAGCAGTCTGGACCTGAGCTGGTGAAGCCTGGCGCTTCAGTGAAGATATCCTGCAAGGCTTCTGGTTACTCATTCACTGACTACAACATGAACTGGGTGAAGCAGAGCAATGGAAAGAGCCTTGAGTGGATTGGAATAATTAATCCTAACTCTGGTACTACTACCTACAATCAGAAGTTCAAGGGCAAGGCCACATTGACTGTAGACCAATCTTCCAGCACAGCCTACATGCAGCTCAACAGACTGACATCTGAGGACTCTGCAGTCTATTACTGTGCAAGATTGGATGATTACAATGCTATGGACTACTGGGGTCAAGGAACCTCAGTCACCGTCTCCTCAGCCAAAACAACACCCCCATCAGTCTATCCACTGGCCCCTGGGTGTGGAGATACAACTGGTTCCTCTGTGACTCTGGGATGCCTGGTCAAGGGCTACTTCCCTGAGTCAGTGACTGTGACTTGGAACTCTGGATCCCTGTCCAGCAGTGTGCACACCTTCCCAGCTCTCCTGCAGTCTGGACTCTACACTATGAGCAGCTCAGTGACTGTCCCCTCCAGCACCTGGCCAAGTCAGACCGTCACCTGCAGCGTTGCTCACCCAGCCAGCAGCACCACGGTGGACAAAAAACTTGAGCCCAGCGGGCCCATTTCAACAATCAACCCCTGTCCTCCATGC	CAAATTGTTCTCACCCAGTCTCCAGCACTCATGTCTGCATCTCCAGGGGAGAAGGTCACCATGACCTGCAGTGCCAGCTCAAGTGTAAGTTACATGTACTGGTACCAGCAGAAGCCAAGATCCTCCCCCAAACCCTGGATTTATCTCACATCCAACCTGGCTTCTGGAGTCCCTGCTCGCTTCAGTGGCAGTGGGTCTGGGACCTCTTACTCTCTCACAATCAGCAGCATGGAGGCTGAAGATGCTGCCACTTATTACTGCCAGCAGTGGAGTAGTAATCCATTCACGTTCGGCTCGGGGACAAAGTTGGAAATAAAACGGGCTGATGCTGCACCAACTGTATCCATCTTCCCACCATCCAGTGAGCAGTTAACATCTGGAGGTGCCTCAGTCGTGTGCTTCTTGAACAACTTCTACCCCAAAGACATCAATGTCAAGTGGAAGATTGATGGCAGTGAACGACAAAATGGCGTCCTGAACAGTTGGACTGATCAGGACAGCAAAGACAGCACCTACAGCATGAGCAGCACCCTCACGTTGACCAAGGACGAGTATGAACGACATAACAGCTATACCTGTGAGGCCACTCACAAGACATCAACTTCACCCATTGTCAAGAGCTTCAACAGGAATGAGTGT
M76	J1	IGHV1-4	IGKV3-1	IGHJ2	IGKJ2	ASGYTFISYWM	ARYGGYFDYWG	SCRASESVEYYGTSLMQWY	IYAASNVESGV	FCQQSREVPYTFG	MSCKASGYTFISYWMNWVKQRPGQGLEWIGAINPSDGYTEYNQKFKDKAIMTADKSSSTAYMQLSSLTSEDSAVYYCARYGGYFDYWGQGTTL	SLAVSLGQRATISCRASESVEYYGTSLMQWYQQKPGQPPKLLIYAASNVESGVPARFSGSGSGTDFSLNIHPVEEDDIAMYFCQQSREVPYTFGGGTKLEIK	GAGTTCCAGCTGCAGCAGTCTGGACCTGAGCTGGTGAAGCCTGGCGCTTCAGTGAAGATATCCTGCAAGGCTTCTGGTTACTCATTCACTGACTACAACATGAACTGGGTGAAGCAGAGCAATGGAAAGAGCCTTGAGTGGATTGGAATAATTAATCCTAACTCTGGTACTACTACCTACAATCAGAAGTTCAAGGGCAAGGCCACATTGACTGTAGACCAATCTTCCAGCACAGCCTACATGCAGCTCAACAGACTGACATCTGAGGACTCTGCAGTCTATTACTGTGCAAGATTGGATGATTACAATGCTATGGACTACTGGGGTCAAGGAACCTCAGTCACCGTCTCCTCAGCCAAAACAACACCCCCATCAGTCTATCCACTGGCCCCTGGGTGTGGAGATACAACTGGTTCCTCTGTGACTCTGGGATGCCTGGTCAAGGGCTACTTCCCTGAGTCAGTGACTGTGACTTGGAACTCTGGATCCCTGTCCAGCAGTGTGCACACCTTCCCAGCTCTCCTGCAGTCTGGACTCTACACTATGAGCAGCTCAGTGACTGTCCCCTCCAGCACCTGGCCAAGTCAGACCGTCACCTGCAGCGTTGCTCACCCAGCCAGCAGCACCACGGTGGACAAAAAACTTGAGCCCAGCGGGCCCATTTCAACAATCAACCCCTGTCCTCCATGC	CAAATTGTTCTCACCCAGTCTCCAGCACTCATGTCTGCATCTCCAGGGGAGAAGGTCACCATGACCTGCAGTGCCAGCTCAAGTGTAAGTTACATGTACTGGTACCAGCAGAAGCCAAGATCCTCCCCCAAACCCTGGATTTATCTCACATCCAACCTGGCTTCTGGAGTCCCTGCTCGCTTCAGTGGCAGTGGGTCTGGGACCTCTTACTCTCTCACAATCAGCAGCATGGAGGCTGAAGATGCTGCCACTTATTACTGCCAGCAGTGGAGTAGTAATCCATTCACGTTCGGCTCGGGGACAAAGTTGGAAATAAAACGGGCTGATGCTGCACCAACTGTATCCATCTTCCCACCATCCAGTGAGCAGTTAACATCTGGAGGTGCCTCAGTCGTGTGCTTCTTGAACAACTTCTACCCCAAAGACATCAATGTCAAGTGGAAGATTGATGGCAGTGAACGACAAAATGGCGTCCTGAACAGTTGGACTGATCAGGACAGCAAAGACAGCACCTACAGCATGAGCAGCACCCTCACGTTGACCAAGGACGAGTATGAACGACATAACAGCTATACCTGTGAGGCCACTCACAAGACATCAACTTCACCCATTGTCAAGAGCTTCAACAGGAATGAGTGT
M84	J1/C1	IGHV1-4	IGKV3-1	IGHJ2	IGKJ2	ASGYTFISYWM	ARYGGYFDYWG	SCRASESVEYYGTSLMQWY	IYAASNVESGV	FCQQSREVPYTFG	SVKMSCKASGYTFISYWMNWVKQRPGQGLEWIGAINPSDGYTEYNQKFKDKAIMTAYKSSSTAYMQLSSLTSEDSAVYYCARYGGYFDYWGQ	LAVSLGQRATISCRASESVEYYGTSLMQWYQQKPGQPPKLLIYAASNVESGVPARFSGSGSGTDFSLNIHPVEEDDIAMYFCQQSREVPYTFGGGTKLEIK	GAGTTCCAGCTGCAGCAGTCTGGACCTGAGCTGGTGAAGCCTGGCGCTTCAGTGAAGATATCCTGCAAGGCTTCTGGTTACTCATTCACTGACTACAACATGAACTGGGTGAAGCAGAGCAATGGAAAGAGCCTTGAGTGGATTGGAATAATTAATCCTAACTCTGGTACTACTACCTACAATCAGAAGTTCAAGGGCAAGGCCACATTGACTGTAGACCAATCTTCCAGCACAGCCTACATGCAGCTCAACAGACTGACATCTGAGGACTCTGCAGTCTATTACTGTGCAAGATTGGATGATTACAATGCTATGGACTACTGGGGTCAAGGAACCTCAGTCACCGTCTCCTCAGCCAAAACAACACCCCCATCAGTCTATCCACTGGCCCCTGGGTGTGGAGATACAACTGGTTCCTCTGTGACTCTGGGATGCCTGGTCAAGGGCTACTTCCCTGAGTCAGTGACTGTGACTTGGAACTCTGGATCCCTGTCCAGCAGTGTGCACACCTTCCCAGCTCTCCTGCAGTCTGGACTCTACACTATGAGCAGCTCAGTGACTGTCCCCTCCAGCACCTGGCCAAGTCAGACCGTCACCTGCAGCGTTGCTCACCCAGCCAGCAGCACCACGGTGGACAAAAAACTTGAGCCCAGCGGGCCCATTTCAACAATCAACCCCTGTCCTCCATGC	CAAATTGTTCTCACCCAGTCTCCAGCACTCATGTCTGCATCTCCAGGGGAGAAGGTCACCATGACCTGCAGTGCCAGCTCAAGTGTAAGTTACATGTACTGGTACCAGCAGAAGCCAAGATCCTCCCCCAAACCCTGGATTTATCTCACATCCAACCTGGCTTCTGGAGTCCCTGCTCGCTTCAGTGGCAGTGGGTCTGGGACCTCTTACTCTCTCACAATCAGCAGCATGGAGGCTGAAGATGCTGCCACTTATTACTGCCAGCAGTGGAGTAGTAATCCATTCACGTTCGGCTCGGGGACAAAGTTGGAAATAAAACGGGCTGATGCTGCACCAACTGTATCCATCTTCCCACCATCCAGTGAGCAGTTAACATCTGGAGGTGCCTCAGTCGTGTGCTTCTTGAACAACTTCTACCCCAAAGACATCAATGTCAAGTGGAAGATTGATGGCAGTGAACGACAAAATGGCGTCCTGAACAGTTGGACTGATCAGGACAGCAAAGACAGCACCTACAGCATGAGCAGCACCCTCACGTTGACCAAGGACGAGTATGAACGACATAACAGCTATACCTGTGAGGCCACTCACAAGACATCAACTTCACCCATTGTCAAGAGCTTCAACAGGAATGAGTGT
M87	J1	IGHV1S26	IGKV3-1	IGHJ3	IGKJ2	ASGYTFISYWM	ARLDGNYTWFAYWG	SCRASESVEYYGTSLMQWY	IYAASNVESGV	FCQQSREVPYTFG	GTSVKMSCKASGYTFISYWMNWVKQRPGQGLEWIGAINPSDAYTDYNQNFKDKAILTADKSSSTAYMQLSCLTSEDSAVYYCARLDGNYTWFAYWGQGTLVTVSA	LAVSLGQRATISCRASESVEYYGTSLMQWYQQKPGQPPKLLIYAASNVESGVPARFSGSGSGTDFSLNIHPVEEDDIAMYFCQQSREVPYTFGGGT	GAGTTCCAGCTGCAGCAGTCTGGACCTGAGCTGGTGAAGCCTGGCGCTTCAGTGAAGATATCCTGCAAGGCTTCTGGTTACTCATTCACTGACTACAACATGAACTGGGTGAAGCAGAGCAATGGAAAGAGCCTTGAGTGGATTGGAATAATTAATCCTAACTCTGGTACTACTACCTACAATCAGAAGTTCAAGGGCAAGGCCACATTGACTGTAGACCAATCTTCCAGCACAGCCTACATGCAGCTCAACAGACTGACATCTGAGGACTCTGCAGTCTATTACTGTGCAAGATTGGATGATTACAATGCTATGGACTACTGGGGTCAAGGAACCTCAGTCACCGTCTCCTCAGCCAAAACAACACCCCCATCAGTCTATCCACTGGCCCCTGGGTGTGGAGATACAACTGGTTCCTCTGTGACTCTGGGATGCCTGGTCAAGGGCTACTTCCCTGAGTCAGTGACTGTGACTTGGAACTCTGGATCCCTGTCCAGCAGTGTGCACACCTTCCCAGCTCTCCTGCAGTCTGGACTCTACACTATGAGCAGCTCAGTGACTGTCCCCTCCAGCACCTGGCCAAGTCAGACCGTCACCTGCAGCGTTGCTCACCCAGCCAGCAGCACCACGGTGGACAAAAAACTTGAGCCCAGCGGGCCCATTTCAACAATCAACCCCTGTCCTCCATGC	CAAATTGTTCTCACCCAGTCTCCAGCACTCATGTCTGCATCTCCAGGGGAGAAGGTCACCATGACCTGCAGTGCCAGCTCAAGTGTAAGTTACATGTACTGGTACCAGCAGAAGCCAAGATCCTCCCCCAAACCCTGGATTTATCTCACATCCAACCTGGCTTCTGGAGTCCCTGCTCGCTTCAGTGGCAGTGGGTCTGGGACCTCTTACTCTCTCACAATCAGCAGCATGGAGGCTGAAGATGCTGCCACTTATTACTGCCAGCAGTGGAGTAGTAATCCATTCACGTTCGGCTCGGGGACAAAGTTGGAAATAAAACGGGCTGATGCTGCACCAACTGTATCCATCTTCCCACCATCCAGTGAGCAGTTAACATCTGGAGGTGCCTCAGTCGTGTGCTTCTTGAACAACTTCTACCCCAAAGACATCAATGTCAAGTGGAAGATTGATGGCAGTGAACGACAAAATGGCGTCCTGAACAGTTGGACTGATCAGGACAGCAAAGACAGCACCTACAGCATGAGCAGCACCCTCACGTTGACCAAGGACGAGTATGAACGACATAACAGCTATACCTGTGAGGCCACTCACAAGACATCAACTTCACCCATTGTCAAGAGCTTCAACAGGAATGAGTGT
M88	D3/J1	IGHV1-4	IGKV3-1	IGHJ3	IGKJ2	ASGYTFTSCWM	ARLDGNYTWFAYWG				GTSVKMSCKASGYTFTSCWMNWVKQRPGQGLEWIGAINPSDGYTEYNQKLKDKAILTADKSSSTAYMQLSSLTSEDSAVYYCARLDGNYTWFAYWGQGTLVTVS	SLAVSLGREPPSPAEPVKVLNIMAQV*CSGTNRNQDSHPNSSSMLHPT*NLGSLPGLVAVGLGQTSASTSILWRRMILQCISVSKVGRFRTRSEGGPRWK	GAGTTCCAGCTGCAGCAGTCTGGACCTGAGCTGGTGAAGCCTGGCGCTTCAGTGAAGATATCCTGCAAGGCTTCTGGTTACTCATTCACTGACTACAACATGAACTGGGTGAAGCAGAGCAATGGAAAGAGCCTTGAGTGGATTGGAATAATTAATCCTAACTCTGGTACTACTACCTACAATCAGAAGTTCAAGGGCAAGGCCACATTGACTGTAGACCAATCTTCCAGCACAGCCTACATGCAGCTCAACAGACTGACATCTGAGGACTCTGCAGTCTATTACTGTGCAAGATTGGATGATTACAATGCTATGGACTACTGGGGTCAAGGAACCTCAGTCACCGTCTCCTCAGCCAAAACAACACCCCCATCAGTCTATCCACTGGCCCCTGGGTGTGGAGATACAACTGGTTCCTCTGTGACTCTGGGATGCCTGGTCAAGGGCTACTTCCCTGAGTCAGTGACTGTGACTTGGAACTCTGGATCCCTGTCCAGCAGTGTGCACACCTTCCCAGCTCTCCTGCAGTCTGGACTCTACACTATGAGCAGCTCAGTGACTGTCCCCTCCAGCACCTGGCCAAGTCAGACCGTCACCTGCAGCGTTGCTCACCCAGCCAGCAGCACCACGGTGGACAAAAAACTTGAGCCCAGCGGGCCCATTTCAACAATCAACCCCTGTCCTCCATGC	CAAATTGTTCTCACCCAGTCTCCAGCACTCATGTCTGCATCTCCAGGGGAGAAGGTCACCATGACCTGCAGTGCCAGCTCAAGTGTAAGTTACATGTACTGGTACCAGCAGAAGCCAAGATCCTCCCCCAAACCCTGGATTTATCTCACATCCAACCTGGCTTCTGGAGTCCCTGCTCGCTTCAGTGGCAGTGGGTCTGGGACCTCTTACTCTCTCACAATCAGCAGCATGGAGGCTGAAGATGCTGCCACTTATTACTGCCAGCAGTGGAGTAGTAATCCATTCACGTTCGGCTCGGGGACAAAGTTGGAAATAAAACGGGCTGATGCTGCACCAACTGTATCCATCTTCCCACCATCCAGTGAGCAGTTAACATCTGGAGGTGCCTCAGTCGTGTGCTTCTTGAACAACTTCTACCCCAAAGACATCAATGTCAAGTGGAAGATTGATGGCAGTGAACGACAAAATGGCGTCCTGAACAGTTGGACTGATCAGGACAGCAAAGACAGCACCTACAGCATGAGCAGCACCCTCACGTTGACCAAGGACGAGTATGAACGACATAACAGCTATACCTGTGAGGCCACTCACAAGACATCAACTTCACCCATTGTCAAGAGCTTCAACAGGAATGAGTGT
UL1	U1	IGHV1-39	IGKV4-68	IGHJ4	IGKJ4	ASGYSFTDYNM	ARLDDYNAMDYWG	TCSASSSVSYMYWY	IYLTSNLASGV	YCQQWSSNPFTFG	EFQLQQSGPELVKPGASVKISCKASGYSFTDYNMNWVKQSNGKSLEWIGIINPNSGTTTYNQKFKGKATLTVDQSSSTAYMQLNRLTSEDSAVYYCARLDDYNAMDYWGQGTSVTVSS	QIVLTQSPALMSASPGEKVTMTCSASSSVSYMYWYQQKPRSSPKPWIYLTSNLASGVPARFSGSGSGTSYSLTISSMEAEDAATYYCQQWSSNPFTFGSGTKLEIK	GAGTTCCAGCTGCAGCAGTCTGGACCTGAGCTGGTGAAGCCTGGCGCTTCAGTGAAGATATCCTGCAAGGCTTCTGGTTACTCATTCACTGACTACAACATGAACTGGGTGAAGCAGAGCAATGGAAAGAGCCTTGAGTGGATTGGAATAATTAATCCTAACTCTGGTACTACTACCTACAATCAGAAGTTCAAGGGCAAGGCCACATTGACTGTAGACCAATCTTCCAGCACAGCCTACATGCAGCTCAACAGACTGACATCTGAGGACTCTGCAGTCTATTACTGTGCAAGATTGGATGATTACAATGCTATGGACTACTGGGGTCAAGGAACCTCAGTCACCGTCTCCTCAGCCAAAACAACACCCCCATCAGTCTATCCACTGGCCCCTGGGTGTGGAGATACAACTGGTTCCTCTGTGACTCTGGGATGCCTGGTCAAGGGCTACTTCCCTGAGTCAGTGACTGTGACTTGGAACTCTGGATCCCTGTCCAGCAGTGTGCACACCTTCCCAGCTCTCCTGCAGTCTGGACTCTACACTATGAGCAGCTCAGTGACTGTCCCCTCCAGCACCTGGCCAAGTCAGACCGTCACCTGCAGCGTTGCTCACCCAGCCAGCAGCACCACGGTGGACAAAAAACTTGAGCCCAGCGGGCCCATTTCAACAATCAACCCCTGTCCTCCATGC	CAAATTGTTCTCACCCAGTCTCCAGCACTCATGTCTGCATCTCCAGGGGAGAAGGTCACCATGACCTGCAGTGCCAGCTCAAGTGTAAGTTACATGTACTGGTACCAGCAGAAGCCAAGATCCTCCCCCAAACCCTGGATTTATCTCACATCCAACCTGGCTTCTGGAGTCCCTGCTCGCTTCAGTGGCAGTGGGTCTGGGACCTCTTACTCTCTCACAATCAGCAGCATGGAGGCTGAAGATGCTGCCACTTATTACTGCCAGCAGTGGAGTAGTAATCCATTCACGTTCGGCTCGGGGACAAAGTTGGAAATAAAACGGGCTGATGCTGCACCAACTGTATCCATCTTCCCACCATCCAGTGAGCAGTTAACATCTGGAGGTGCCTCAGTCGTGTGCTTCTTGAACAACTTCTACCCCAAAGACATCAATGTCAAGTGGAAGATTGATGGCAGTGAACGACAAAATGGCGTCCTGAACAGTTGGACTGATCAGGACAGCAAAGACAGCACCTACAGCATGAGCAGCACCCTCACGTTGACCAAGGACGAGTATGAACGACATAACAGCTATACCTGTGAGGCCACTCACAAGACATCAACTTCACCCATTGTCAAGAGCTTCAACAGGAATGAGTGT
