seqID	Vgene	Jgene	seq
0	IGKV10-96	IGKJ2	CCCTGTCTGCCTCTCTGGGAGACAGAGTCACCATCAGTTGCAGGGCAAGTCAGGACATTAGCAATTATTTAAACTGGTATCAGCAGAAACCAGATGGAACTGTTAAACTCCTGATCTACTACACATCAAGATTACACTCAGGAGTCCCATCAAGGTTCAGTGGCAGTGGGTCTGGAACAGATTATTCTCTCACCATTAGCAACCTGGAGCAAGAAGATATTGCCACTTACTTTTGCCAACAGGGTAATACGCTTCCGTACACGTTCGGAGGGGGGACCAAGCTGGAAATAAAACGGGCTGATGCTGCACCAACTGTATCCATCTTCCCACCATCCAGTGAGCATCGATCGAAGA
1	IGKV6-15	IGKJ2	TCCACATCAGTAGGAGACAGGGTCAGCGTCACCTGCAAGGCCAGTCAGAATGTGGGTACTAATGTAGCCTGGTATCAACAGAAACCAGGGCAATCTCCTAAAGCACTGATTTACTCGGCATCCTACCGGTACAGTGGAGTCCCTGATCGCTTCACAGGCAGTGGATCTGGGACAGATTTCACTCTCACCATCAGCAATGTGCAGTCTGAAGACTTGGCAGAGTATTTCTGTCAGCAATATAACAGCTATCCGTACACGTTCGGAGGGGGGACCAAGCTGGAAATAAAACGGGCTGATGCTGCACCAACTGTATCCATCTTCCCACCATCCAGTGAGCATCGATCGAGAA
2	IGKV12-44	IGKJ2	CAAGCCTCCCTGTCTGCATCTGTGGGAGAAACTGTCACCATCACATGTCGAGCAAGTGAGAATATTTACAGTTATTTAGCATGGTATCAGCAGAAACAGGGAAAATCTCCTCAGCTCCTGGTCTATAATGCAAAAACCTTAACAGAAGGTGTGCCATCAAGGTTCAGTGGCAGCGGATCAGGCACACAGTTTTCTCTGAAGATCAACAGCCTGCAGCCTGAAGATTTTGGGAGTTATTACTGTCAACATCATTATGGTACTCCGTACACGTTCGGAGGGGGGACCAAGCTGGAAATAAAACGGGCTGATGCTGCACCAACTGTATCCATCTTCCCACCATCCAGTGAGCATCGATCGATAA
3	IGKV4-59	IGKJ4	CTCCAGCAATCATGTCTGCATCTCCAGGGGAGAAGGTCACCATGACCTGCAGTGCCAGCTCAAGTGTAAGTTACATGCACTGGTACCAGCAGAAGTCAGGCACCTCCCCCAAAAGATGGATTTATGACACATCCAAACTGGCTTCTGGAGTCCCTGCTCGCTTCAGTGGCAGTGGGTCTGGGACCTCTTACTCTCTCACAATCAGCAGCATGGAGGCTGAAGATGCTGCCACTTATTACTGCCAGCAGTGGAGTAGTAACCCATTCACGTTCGGCTCGGGGACAAAGTTGGAAATAAAACGGGCTGATGCTGCACCAACTGTATCCATCTTCCCACCATCCAGTGAGCATCGATCGATAA
4	IGKV12-44	IGKJ5	CAGCCTCCCTATCTGCATCTGTGGGAGAAACTGTCACCATCACATGTCGAGCAAGTGAGAATATTTACAGTTATTTAGCATGGTATCAGCAGAAACAGGGAAAATCTCCTCAGCTCCTGGTCTATAATGCAAAAACCTTAGCAGAAGGTGTGCCATCAAGGTTCAGTGGCAGTGGATCAGGCACACAGTTTTCTCTGAAGATCAACAGCCTGCAGCCTGAAGATTTTGGGAGTTATTACTGTCAACATCATTATGGTACTCCGCTCACGTTCGGTGCTGGGACCAAGCTGGAGCTGAAACGGGCTGATGCTGCACCAACTGTATCCATCTTCCCACCATCCAGTGAGCATCGATCGATAA
5	IGKV4-53	IGKJ2	CTCCAGCAATCATGGCTGCATCTCCAGGGGAGAAGGTCACCATCACCTGCAGTGTCAGCTCAAGTATAAGTTCCAGCAACTTGCACTGGTACCAGCAGAAGTCAGAAACCTCCCCCAAACCCTGGATTTATGGCACATCCAACCTGGCTTCTGGAGTCCCTGTTCGCTTCAGTGGCAGTGGATCTGGGACCTCTTATTCTCTCACAATCAGCAGCATGGAGGCTGAAGATGCTGCCACTTATTACTGTCAACAGTGGAGTAGTTACCCACTCACGTTCGGAGGGGGGACCAAGCTGGAAATAAAACGGGCTGATGCTGCACCAACTGTATCCATCTTCCCACCATCCAGTGAGCATCGATCGCATA
6	IGKV12-44	IGKJ2	CAGCCTCCCTATCTGCTTCTGTGGGAGAGTCTGTCACCATCACATGTCGAGCAAGTGAGAATATTTACAGTTATTTAGCATGGTATCAGCAGAGACAGGGAAAATCTCCTCAGCTCCTGGTCTATAATGCAAAAGCCTTAGCAGAAGGTGTGCCATCAAGGTTCAGTGGCAGTGGATCAGGCACACAGTTTTCTCTGAAGATCAACAGCCTGCAGCCTGAAGATTTTGGGAGTTATTACTGTCAACGTCATTATGTTACTCCGTACACGTTCGGAGGGGGGACCAAGCTGGAAGTAAAACGGGCTGATGCTGCACCAACTGTATCCATCTTCTCACCATCCAGTGAGCATCGATCGAAAT
7	IGKV10-96	IGKJ2	CCCTGTCTGCCTCTCTGGGAGACAGAGTCACCATCAGTTGCAGGGCAAGTCAGGACATTAGCAATTATTTAAACTGGTATCAGCAGAAACCAGATGGAACTGTTAAACTCCTGATCTACTACACATCAAGATTACACTCAGGAGTCCCATCAAGGTTCAGTGGCAGTGGGTCTGGAACAGATTATTCTCTCACCATTAGCAACCTGGAGCAAGAAGATATTGCCACTTACTTTTGCCAACAGGGTAATACGCTTCCTCCCACGTTCGGAGGGGGGACCAAGCTGGAAATAAAACGGGCTGATGCTGCACCAACTGTATCCATCTTCCCACCATCCAGTGAGCATCGATCGTACA
8	IGKV10-94	IGKJ1	CCCTGTCTGCCTCTCTGGGAGACAGAGTCACCATCAGTTGCAGTGCAAGTCAGGGCATTAGCAATTATTTAAACTGGTATCAGCAGAAACCAGATGGAACTATTAAACTCCTGATCTATTACACATCAAGTTTACACTCAGGAGTCCCATCAAGGTTCAGTGGCAGTGGGTCTGGGACAGATTATTCTCTCACCATCAGCAACCTGGAACCTGAAGATATTGCCACTTACTATTGTCAGCAGTATAGTAAGCTTCCGTGGACGTTCGGTGGAGGCACCAAGCTGGAAATCAAACGGGCTGATGCTGCACCAACTGTATCCATCTTCCCACCATCCAGTGAGCATCGATCGAAAA
9	IGKV10-96	IGKJ1	CCCTGTCTGCCTCTCTGGGAGACAGAGTCACCATCAGTTGCAGGGCAAGTCAGGACATTAGCAATTATTTAAACTGGTATCAGCAGAAACCAGATGGAACTGTTAAACTCCTGATCTACTACACATCAAGATTACACTCAGGAGTCCCATCAAGGTTCAGTGGCAGTGGGTCTGGAACAGATTATTCTCTCACCATTAGCAACCTGGAGCAAGAAGATATTGCCACTTACTTTTGCCAACAGGGTAATACGCTTTGGACGTTCGGTGGAGGCACCAAGCTGGAAATCAAACGGGCTGATGCTGCACCAACTGTATCCATCTTCCCACCATCCAGTGAGCATCGATCGGAAA
10	IGKV6-23	IGKJ5	TCCACATCAGTAGGAGACAGGGTCAGCATCACCTGCAAGGCCAGTCAGGATGTGGGTACTGCTGTAGCCTGGTATCAACAGAAACCAGGGCAATCTCCTAAACTACTGATTTACTGGGCATCCACCCGGCACACTGGAGTCCCTGATCGCTTCACAGGCAGTGGATCTGGGACAGATTTCACTCTCACCATTAGCAATGTGCAGTCTGAAGACTTGGCAGATTATTTCTGTCAGCAATATAGCAGCTATCCGCTCACGTTCGGTGCTGGGACCAAGCTGGAGCTGAAACGGGCTGATGCTGCACCAACTGTATCCATCTTCCCACCATCCAGTGAGCATCGATCGATGA
11	IGKV6-17	IGKJ1	TCCACATCAGTAGGAGACAGGGTCAGCATCACCTGCAAGGCCAGTCAGGATGTGAGTACTGCTGTAGCCTGGTATCAACAAAAACCAGGGCAATCTCCTAAACTACTGATTTACTGGGCATCCACCCGGCACACTGGAGTCCCTGATCGCTTCACAGGCAGTGGATCTGGGACAGATTATACTCTCACCATCAGCAGTGTGCAGGCTGAAGACCTGGCACTTTATTACTGTCAGCAACATTATAGCACTCCGTGGACGTTCGGTGGAGGCACCAAGCTGGAAATCAAACGGGCTGATGCTGCACCAACTGTATCCATCTTCCCACCATCCAGTGAGCATCGATCGACGA
12	IGKV10-96	IGKJ1	CCCTGTCTGCCTCTCTGGGAGACAGAGTCACCATCAGTTGCAGGTCAAGTCAGGACATTAGCAATTATTTAAACTGGTATCAGCAGAAACCAGATGGAACTGTTAAACTCCTGATCTACTACACATCAAGATTACACTCAGGAGTCCCATCAAGGTTCAGTGGCAGTGGGTCTGGAACAGATTATTCTCTCACCATTAGCAACCTGGAGCAAGAAGATATTGCCACTTACTTTTGCCAACAGGGTAATACGCTTCCGTGGACGTTCGGTGGAGGCACCAAGCTGGAAATCAAACGGGCTGATGCTGCACCAACTGTATCCATCTTCCCACCATCCAGTGAGCATCGATCGTAAA
13	IGKV12-44	IGKJ1	CAGCCTCCCTATCTGCATCTGTGGGAGAAACTGTCACCATCACATGTCGAGCAAGTGAGAATATTTACAGTTATTTAGCATGGTATCAGCAGAAACAGGGAAAATCTCCTCAGCTCCTGGTCTATAATGCAAAAACCTTAGCAGAAGGTGTGCCATCAAGGTTCAGTGGCAGTGGATCAGGCACACAGTTTTCTCTGAAGATCAACAGCCTGCAGCCTGAAGATTTTGGGAGTTATTACTGTCAACATCATTATGGTACTCCTCGGACGTTCGGTGGAGGCACCAAGCTGGAAATCAAACGGGCTGATGCTGCACCAACTGTATCCATCTTCCCACCATCCAGTGAGCATCGATCGAAAT
14	IGKV6-23	IGKJ5	TCCACATCAGTAGGAGACAGGGTCAGCATCACCTGCAAGGCCAGTCAGGATGTGGGTACTGCTGTAGCCTGGTATCAACAGAAACCAGGGCAATCTCCTAAACTACTGATTTACTGGGCATCCACCCGGCACACTGGAGTCCCTGATCGCTTCACAGGCAGTGGATCTGGGACAGATTTCACTCTCACCATTAGCAATGTGCAGTCTGAAGACTTGGCAGATTATTTCTGTCAGCAATATAGCAGCTATCCCACGTTCGGTGCTGGGACCAAGCTGGAGCTGAAACGGGCTGATGCTGCACCAACTGTATCCATCTTCCCACCATCCAGTGAGCATCGATCGAAGA
15	IGKV10-94	IGKJ1	CCCTGTCTGCCTCTCTGGGAGACAGAGTCACCATCAGTTGCAGGGCAAGTGAGGACATTAGCACTTATTTAAACTGGTATCAGCAGAAACCAGATGGAACTGTTAAACTCCTGATCTATTACACATCAGGATTACACTCAGGAGTCCCATCAAGGTTCAGTGGCAGTGGGTCTGGGGCAGATTATTCTCTCACCATCAGCAACCTGGAACCTGAAGATATTGCCACTTACTATTGTCAGCAGTATAGTAAGCTTCCGTGGACGTTCGGTGGAGGCACCAAGCTGGAAATCAAACGGGCTGATGCTGCACCAACTGTATCCATCTTCCCACCATCCCAGTGAGCATCGATCGTTCA
16	IGKV6-23	IGKJ5	TCCACCTCAGTAGGAGACAGGGTCAGCATCACCTGCAAGGCCAGTCAGGATGTGGGTTATTCTGTAGCCTGGTATCAACAGAGACCAGGGCAATCTCCTAAGCTACTGATTTACTGGGCATCCACCCGGCACACTGGAGTCCCTGATCGCTTCACAGGCAGTGGATCTGGGACAGATTTCACTCTCACCATTACCAATGTGCAGTCTGAAGACTTGGCAGATTATTTCTGTCAGCAATATAGGAACTATCCTCTCACGTTCGGTGGTGGGACCAAGCTGGAGCTGAAACGGGCTGATGCTGCACCAACTGTATCCATCTTCCCACCATCCAGTGAGCATCGATCGAATC
17	IGKV4-59	IGKJ5	CTCCAGCAATCATGTCTGCATCTCCAGGGGAGAAGGTCACCATGACCTGCAGTGCCAGCTCAAGTGTAAGTTACATGTACTGGTACCAGCAGAAGCCAAGATCCTCCCCCAAACCCTGGATTTATCTCACATCCAACCTGGCTTCTGGAGTCCCTGCTCGCTTCAGTGGCAGTGGGTCTGGGACCTCTTACTCTCTCACAATCAGCAGCATGGAGGCTGAAGATGCTGCCACTTATTACTGCCAGCAGTGGAGTAGTAACCCACTCACGTTCGGTGCTGGGACCAAGCTGGAGCTGAAACGGGCTGATGCTGCACCAACTGTATCCATCTTCCCACCATCCAGTGAGCATCGATCGAAAA
18	IGKV4-53	IGKJ5	CTCCAGCAATCATGGCTGCATCTCCAGGGGAGAAGGTCACCATCACCTGCAGTGTCAGCTCAAGTATAAGTTCCAGCAACTTGCACTGGTACCAGCAGAAGTCAGAAACCTCCCCCAAACCCTGGATTTATGGCACATCCAACCTGGCTTCTGGAGTCCCTGTTCGCTTCAGTGGCAGTGGATCTGGGACCTCTTATTCTCTCACAATCAGCAGCATGGAGGCTGAAGATGCTGCCACTTATTACTGTCAACAGTGGAGTAGTTACCCACTCACGTTCGGTGCTGGGACCAAGCTGGAGCTGAAACGGGCTGATGCTGCACCAACTGTATCCATCTTCCCACCATCCAGTGAGCATCGATCGTAGG
19	IGKV6-17	IGKJ4	TCCACATCAGTAGAGACAGGGTCAGCATCACCTGCAAGGCCAGTCAGGATGTGAGTACTGCTGTAGCCTGGTATCAACAAAAACCAGGGCAATCTCCTAAACTACTGATTTACTGGGCATCCACCCGGCACACTGGAGTCCCTGATCGCTTCACAGGCAGTGGATCTGGGACAGATTATACTCTCACCATCAGCAGTGTGCAGGCTGAAGACCTGGCACTTTATTACTGTCAGCAACATTATAGCACTCCATTCACGTTCGGCTCGGGGACAAAGTTGGAAATAAAACGGGCTGATGCTGCACCAACTGTATCCATCTTCCCACCATCCAGTGAGCATCGATCGTAAA
20	IGKV4-90	IGKJ4	CTCCAGCAATCATGTCTGCATCTCCAGGGGAGAAGGTCACCATAACCTGCAGTGCCAGCTCAAGTGTAAGTTACATGCACTGGTTCCAGCAGAAGCCAGGCACTTCTCCCAAACTCTGGATTTATAGCACATCCAACCTGGCTTCTGGAGTCCCTGCTCGCTTCAGTGGCAGTGGATCTGGGACCTCTTACTCTCTCACAATCAGCCGAATGGAGGCTGAAGATGCTGCCACTTATTACTGCCAGCAAAGGAGTAGTTACCCATTCACGTTCGGCTCGGGGACAAAGTTGGAAATAAAACGGGCTGATGCTGCACCAACTGTATCCATCTTCCCACCATCCAGTGAGCATCGATCGAACA
21	IGKV6-23	IGKJ2	TCCACATCAGTAGGAGACAGGGTCAGCATCACCTGCAAGGCCAGTCAGGATGTGGGTACTGCTGTAGCCTGGTATCAACAGAAACCAGGGCAATCTCCTAAACTACTGATTTACTGGGCATCCACCCGGCACACTGGAGTCCCTGATCGCTTCACAGGCAGTGGATCTGGGACAGATTTCACTCTCACCATTAGCAATGTGCAGTCTGAAGACTTGGCAGATTATTTCTGTCAGCAATATAGCAGCTATCCGTACACGTTCGGAGGGGGGACCAAGCTGGAAATAAAACGGGCTGATGCTGCACCAACTGTATCCATCTTCCCACCATCCAGTGAGCATCGATCGTAAA
22	IGKV1-110	IGKJ1	CTCCACTCTCCCTGCCTGTCAGTCTTGGAGATCAAGCCTCCATCTCTTGCAGATCTAGTCAGAGCCTTGTACACAGTAATGGAAACACCTATTTACATTGGTACCTGCAGAAGCCAGGCCAGTCTCCAAAGCTCCTGATCTACAAAGTTTCCAACCGATTTTCTGGGGTCCCAGACAGGTTCAGTGGCAGTGGATCAGGGACAGATTTCACACTCAAGATCAGCAGAGTGGAGGCTGAGGATCTGGGAGTTTATTTCTGCTCTCAAAGTACACATGTTCCGTGGACGTTCGGTGGAGGCACCAAGCTGGAAATCAAACGGGCTGATGCTGCACCAACTGTATCCATCTTCCCACCATCCAGTGAGCATCGATCGAATA
23	IGKV10-96	IGKJ1	CCCTGTCTGCCTCTCTGGGAGACAGAGTCACCATCAGTTGCAGGGCAAGTCAGGACATTAGCAATTATTTAAACTGGTATCAGCAGAAACCAGATGGAACTGTTAAACTCCTGATCTACTACACATCAAGATTACACTCAGGAGTCCCATCAAGGTTCAGTGGCAGTGGGTCTGGAACAGATTATTCTCTCACCATTAGCAACCTGGAGCAAGAAGATATTGCCACTTACTTTTGCCAACAGGGTAATACGCTTCCTCGGACGTTCGGTGGAGGCACCAAGCTGGAAATCAAACGGGCTGATGCTGCACCAACTGTATCCATCTTCCCACCATCCAGTGAGCATCGATCGAAAA
24	IGKV3-4	IGKJ2	GCTGTGTCTCTAGGGCAGAGGGCCACCATCTCCTGCAAGGCCAGCCAAAGTGTTGATTATGATGGTGATAGTTATATGAACTGGTACCAACAGAAACCAGGACAGCCACCCAAACTCCTCATCTATGCTGCATCCAATCTAGAATCTGGGATCCCAGCCAGGTTTAGTGGCAGTGGGTCTGGGACAGACTTCACCCTCAACATCCATCCTGTGGAGGAGGAGGATGCTGCAACCTATTACTGTCAGCAAAGTAATGAGGATCCGTACACGTTCGGAGGGGGGACCAAGCTGGAAATAAAACGGGCTGATGCTGCACCAACTGTATCCATCTTCCCACCATCCAGTGAGCATCGATCGAGAA
25	IGKV6-17	IGKJ4	TCCACATCAGTAGGAGACAGGGTCAGCGTCACCTGCAAGGCCAGTCAGGATGTGGGTACTGCTGTAGCCTGGTATCAACAGAAACCAGGGCAATCTCCTAAACTACTGATTTACTCGGCATCCTACCGGTACACTGGAGTCCCTGATCGCTTCACTGGCAGTGGATCTGGGACGGATTTCACTTTCACCATCAGCAGTGTGCAGGCTGAAGACCTGGCAGTTTATTACTGTCAGCAACATTATAATACTCCATTCACGTTCGGCTCGGGGACAAAGTTGGAAATAAAACGGGCTGATGCTGCACCAACTGTATCCATCTTCCCACCATCCAGTGAGCATCGATCGTGAA
26	IGKV10-94	IGKJ1	CCCTGTCTGCCTCTCTGGGAGACAGAGTCACCATCAGTTGCAGGGCAAGTGAGGACATTAGCACTTATTTAAACTGGTATCAGCAGAAACCAGATGGAACTGTTAAACTCCTGATCTATTACACATCAGGATTACACTCAGGAGTCCCATCAAGGTTCAGTGGCAGTGGGTCTGGGGCAGATTATTCTCTCACCATCAGCAACCTGGAACCTGAAGATATTGCCACTTACTATTGTCAGCAGTATAGTAAGCTTCCGTGGACGTTCGGTGGAGGCACCAAGCTGGAAATCAAACGGGCTGATGCTGCACCAACTGTATCCATCTTCCCACCATCCAGTGAGCATCGATCGTACT
27	IGKV3-4	IGKJ1	GCTGTGTCTCTAGGGCAGAGGGCCACCATCTCCTGCAAGGCCAGCCAAAGTGTTGATTATGATGGTGATAGTTATATGAACTGGTACCAACAGAAACCAGGACAGCCACCCAAACTCCTCATCTATGCTGCATCCAATCTAGAATCTGGGATCCCAGCCAGGTTTAGTGGCAGTGGGTCTGGGACAGACTTCACCCTCAACATCCATCCTGTGGAGGAGGAGGATGCTGCAACCTATTACTGTCAGCAAAGTAATGAGGATCCGTGGACGTTCGGTGGAGGCACCAAGCTGGAAATCAAACGGGCTGATGCTGCACCAACTGTATCCATCTTCCCACCATCCAGTGAGCATCGATCGTAAT
28	IGKV10-96	IGKJ1	CCCTGTCTGCCTCTCTGGGAGACAGAGTCACCATCAGTTGCAGGGCAAGTCAGGACATTAGCAATTATTTAAACTGGTATCAGCAGAAACCAGATGGAACTGTTAAACTCCTGATCTACTACACATCAAGATTACACTCAGGAGTCCCATCAAGGTTCAGTGGCAGTGGGTCTGGAACAGATTATTCTCTCACCATTAGCAACCTGGAGCAAGAAGATATTGCCACTTACTTTTGCCAACAGGGTAATACGCTTCCTCGGACGTTCGGTGGAGGCACCAAGCTGGAAATCAAACGGGCTGATGCTGCACCAACTGTATCCATCTTCCCACCATCCAGTGAGCATCGATCGTTAT
29	IGKV6-17	IGKJ1	TCCACATCAGTAGGAGACAGGGTCAGCATCACCTGCAAGGCCAGTCAGGATGTGAGTACTGCTGTAGCCTGGTATCAACAGAAACCAGGACAATCTCCTAAACTACTGATTTACTCGGCATCCTACCGGTACACTGGAGTCCCTGATCGCTTCACTGGCAGTGGATCTGGGACGGATTCCACTTTCACCATCAGCAGTGTGCAGGCTGAAGACCTGGCAGTTTATTACTGTCAGCAACATTATAGTACTCCGTGGACGTTCGGTGGAGGCACCAAGCTGGAAATCAAACGGGCTGATGCTGCACCAACTGTATCCATCTTCCCACCATCCAGTGAGCATCGATCGTGAC
30	IGKV4-59	IGKJ5	CTCCAGCAATCATGTCTGCATCTCCAGGGGAGCAGGTCACCATGACCTGCAGTGCCAGCTCAAGTGTAAATTACATGCACTGGTACCAGCAGAAGTCAGGCACCTCCCCCACAAGATGGATTTATGACACATCCAAACTGGCTTCCGGAGTCCCTGCTCGCTTCAGTGGCAGTGGGTCTGGGACCTCTTACTCTCTCACAATCAGCAGCATGGAGGCTGAAGATGCTGCCACTTATTACTGCCAGCAGTGGAGTAGTAACCCGCTCACGTTCGGTGCTGGGACCAAGCTGGAGCTGAAACGGGCTGATGCTGCACCAACTGTATCCATCTTCCCACCATCCAGTGAGCATCGATCGGGAA
31	IGKV1-110	IGKJ1	CTCCACTCTCCCTGCCTGTCAGTCTTGGAGATCATGCCTCCATCTCTTGCAGATCTAGTCAGAGCCTTGTACACTTTAATGGAAACACCTATTTACATTGGTACCTGCAGAAGCCAGGCCAGTCTCCAAAGCTCCTGATCTACAAAGTTTCCACCCGATTTTTTGGGGTCCCAGACAGGTTCAGTGGCAGTGGATCAGGGACAGATTTCACACTCAAGATCAGCATAGTGGAGGCTGAGGATCTGGGAGTTTATTTATGCTCTCAAAGTACACATGTTCCGGCGTTCGGTGGAGGCACCAAGCTGGAAATCAAACGGGCTGATGCTGCACAAACTGTAACCATCTTCCCACCATCCAGTGAGCATCGATCGATAA
32	IGKV4-59	IGKJ5	CTCCAGCAATCATGTCTGCATCTCCAGGGGAGAAGGTCACCATGACCTGCAGTGCCAGCTCAAGTGTAAGTTACATGCACTGGTACCAGCAGAAGTCAGGCGCCTCCCCCAAAAGATGGATTTATGACACATCCAAACTGGCTTCTGGAGTCCCTGCTCGCTTCAGTGGCAGTGGGTCTGGGACCTCTTACTCTCTCACAATCAGCAGCATGGAGGCTGAAGATGCTGCCACTTATTACTGCCAGCAGTGGAGTAGTAACCCGCTCACGTTCGGTGCTGGGACCAAGCTGGAGCTGAAACGGGCTGATGCTGCACCAACTGTATCCATCTTCCCACCATCCAGTGAGCATCGATCGATGA
33	IGKV6-17	IGKJ2	TCCACCTCAGTAGGAGACAGGGTCAGCATCACCTGCAAGGCCAGTCAGGATGTGAGTACTGCTGTAGCCTGGTATCAACAGAAACCAGGACAATCTCCTAAACTACTGATTTACTCGGCATCCTACCGGTACACTGGAGTCCCTGATCGCTTCACTGGCAGTGGATCTGGGACGGATTTCACTTTCACCATCAGCAGTGTGCAGGCTGAAGACCTGGCAGTTTATTACTGTCAGCAACATTATAGTACTCCGTACACGTTCGGAGGGGGGACCAAGCTGGAAATAAAACGGGCTGATGCTGCACCAACTGTATCCATCTTCCCACCATCCAGTGAGCATCGATCGTAAC
34	IGKV3-4	IGKJ1	GCTGTGTCTCTAGGGCAGAGGGCCACCATCTCCTGCAAGGCCAGCCAAAGTGTTGATTATGATGGTGATAGTTATATGAACTGGTACCAACAGAAACCAGGACAGCCACCCAAACTCCTCATCTATGCTGCATCCAATCTAGAATCTGGGATCCCAGCCAGGTTTAGTGGCAGTGGGTCTGGGACAGACTTCACCCTCAACATCCATCCTGTGGAGGAGGAGGATGCTGCAACCTATTACTGTCAGCAAAGTAATGAGGATCCGTGGACGTTCGGTGGAGGCACCAAGCTGGAAATCAAACGGGCTGATGCTGCACCAACTGTATCCATCTTCCCACCATCCAGTGAGCATCGATCGCGAT
35	IGKV4-59	IGKJ2	CTCCAGCAATCATGTCTGCATCTCCAGGGGAGAAGGTCACCATGACCTGCAGTGCCAGCTCAAGTGTAAGTTACATGTAATGGTTCCAGCAGAAGCCAGGATCCTCCCCCAAACTCTGGATTTATAGCATATCCAACCTGGCTTCTGGAGTCCCTGCTCGCTTCAGTGGCAGTGGGTCTGGGACCTCTTATTCTCTCACAATCAGCAGCGTGAAGGCTGAAGATGCTGCCACTTATTACTGCCAGCAGTGGAGTAGTTCCCCACCCACGTTCGGAGGGGGGACCAAGCTGGAAATAAAACGGGCTGATGCTGCACCAACTGTATCCATCTTCCCACCATCCAGTGAGCATCGATCGATAA
36	IGKV10-94	IGKJ2	CCCTGTCTGCCTCTCTGGGAGACAGAGTCACCATCAGTTGCAGTGCAAGTCAGGGCATTAGCAATTATTTAAACTGGTATCAGCAGAAACCAGATGGAACTGTTAAACTCCTGATCTATTACACATCAAGTTTACACTCAGGAGTCCCATCAAGGTTCAGTGGCAGTGGGTCTGGGACAGATTATTCTCTCACCATCAGCAACCTGGAACCTGAAGATATTGCCACTTACTATTGTCAGCAGTATAGTAAGCTTCCGTACACGTTCGGAGGGGGGACCAAGCTGGAAATAAAACGGGCTGATGCTGCACCAACTGTATCCATCTTCCCACCATCCAGTGAGCATCGATCGATTA
37	IGKV6-23	IGKJ4	TCCACATCAGTAGGAGACAGGGTCAGCATCACCTGCAAGGCCAGTCAGGATGTGGGTACTGCTGTAGCCTGGTATCAACAGAAACCAGGGCAATCTCCTAAACTACTGATTTACTGGGCATCCACCCGGCACACTGGAGTCCCTGATCGCTTCACAGGCAGTGGATCTGGGACAGATTTCACTCTCACCATTAGCAATGTGCAGTCTGAAGACTTGGCAGATTATTTCTGTCAGCAATATAGCAGCTATCCATTCACGTTCGGCTCGGGGACAAAGTTGGAAATAAAACGGGCTGATGCTGCACCAACTGTATCCATCTTCCCACCATCCAGTGAGCATCGATCGAGAA
38	IGKV6-32	IGKJ2	GTATCAGCAGGAGACAGGGTTACCATAACCTGCAAGGCCAGTCAGAGTGTGAGTAATGATGTAGCTTGGTACCAACAGAAGCCAGGGCAGTCTCCTAAACTGCTGATATACTATGCATCCAATCGCTACACTGGAGTCCCTGATCGCTTCACTGGCAGTGGATATGGGACGGATTTCACTTTCAACATCAGCACTGTGCAGGCTGAAGACCTGGCAGTTTATTTCTGTCAGCAGGATTATAGCTCTCCGTACACGTTCGGAGGGGGGACCAAGCTGGAAATAAAACGGGCTGATGCTGTACCAACTGTATCCATCTTCCCACCATCCAGTGAGCCATCGATCGGTAC
39	IGKV4-59	IGKJ5	CTCCAGCAATCATGTCTGCATCTCCAGGGGAGAAGGTCACAATGACTTGCAGGGCCAGCTCAAGTGTAAGTTACATGCACTGGTACCAGCAGAAGCCAGGATCCTCCCCCAAACCCTGGATTTATGCCACATCCAACCTGGCTTCTGGAGTCCCTGCTCGCTTCAGTGGCAGTGGGTCTGGGACCTCTTACTCTCTCACAATCAGCAGAGTGGAGGCTGAAGATGCTGCCACTTATTACTGCCAGCAGTGGAGTAGTAACCCGCTCACGTTCGGTGCTGGGACCAAGCTGGAGCTGAAACGGGCTGATGCTGCACCAACTGTATCCATCTTCCCACCATCCAGTGAGCATCGATCGCTTA
40	IGKV3-2	IGKJ1	GCTGTGTCTCTAGGGCAGAGGGCCACCATCTCCTGCAGAGCCAGCGAAAGTGTTGATAATTATGGCATTAGTTTTATGAACTGGTTCCAACAGAAACCAGGACAGCCACCCAAACTCCTCATCTATGCTGCATCCAACCAAGGATCCGGGGTCCCTGCCAGGTTTAGTGGCAGTGGGTCTGGGACAGACTTCAGCCTCAACATCCATCCTATGGAGGAGGATGATACTGCAATGTATTTCTGTCAGCAAAGTAAGGAGGTTCCGTGGACGTTCGGTGGAGGCACCAAGCTGGAAATCAAACGGGCTGATGCTGCACCAACTGTATCCATCTTCCCACCATCCAGTGAGCATCGATCGATAT
41	IGKV6-32	IGKJ5	GTATCAGCAGGAGACAGGGTTACCATAACCTGCAAGGCCAGTCAGAGTGTGAGTAATGATGTAGCTTGGTACCAACAGAAGCCAGGGCAGTCTCCTAAACTGCTGATATACTAAGCATCCAATCGCTACACTGGAGTCCCTGATCGCTTCACTGGCAGTGGATATGGGACGGATTTCACTTTCACCATCAGCACTGTGCAGGCTGAAGACCTGGCAGTTTATTTCTGTCAGCAGGATTATAGCTCTCCGCTCACGTTCGGTGCTGGGACCAAGCTGGAGCTGAAACGGGCTGATGCTGCACCAACTGTATCCATCTTCCCACCATCCAGTGAGCATCGATCGGATA
42	IGKV10-96	IGKJ4	CCCTGTCTGCCTCTCTGGGAGACAGAGTCACCATCAGTTGCAGGGCAAGTCAGGACATTAGCAATTATTTAAACTGGTATCAGCAGAAACCAGATGGAACTGTTAAACTCCTGATCTACTACACATCAAGATTACACTCAGGAGTCCCATCAAGGTTCAATGGCAGTGGGTCTGGAACAGATTATTCTCTCACCATTAGCAACCTGGAGCAAGAAGATATTGCCACTTACTTTTGCCAACAGGGTAATACGCTTCCATTCACGTTCGGCTCGGGGACAAAGTTGGAAATAAAACGGGCTGATGCTGCACCAACTGTATCCATCTTCCCACCATCCAGTGAGCATCGATCGATAA
43	IGKV4-72	IGKJ5	GCTCCAGCAATCATGTCTGCATCTCCAGGGGAGAAGGTCACAATGACTTGCAGGGTCACCTCAAGTGTGAAATATGTGCACTGGTACCAGCAGAAGCCAGGATCCTCCCCCAAACCCTGGATTTTTGCCACGTTCGTTCTGGCTTCTGGAGTCCCTACTCGCTTCAGTGGCAGTGGGTCTGGGACCTCTTACTCTCTCACAATCAGCAGAGTGGAGACTGAAGATGCTGCCACTTATTACTGCCAGCAGTGGAGTGGTAACCCACCCACGTTCGGTGCTGGGACCAAACTGGAGCTGAAACGGGCTGATGCTGCACCAACTGTATCCATCTTCCCACCATCCAGTGAGCATCGATCGAAAA
44	IGKV5-39	IGKJ5	CCAGCCACCCTGTCTGTGACTCCAGGAGATAGAGTCTCTCTTTCCTGCAGGGCCAGCCAGAGTATTAGCGACTACTTACACTGGTATCAACAAAAATCACATGAGTCTCCAAGGCTTCTCATCAAATATGCTTCCCAATCCATCTCTGGGATCCCCTCCAGGTTCAGTGGCAGTGGATCAGGGTCAGATTTCACTCTCAGTATCAACAGTGTGGAACCTGAAGATGTTGGAGTGTATTACTGTCAAAATGGTCACAGCTTTCCGCTCACGTTCGGTGCTGGGACCAAGCTGGAGCTGAAACGGGCTGATGCTGCACCAACTGTATCCATCTTCCCACCATCCAGTGAGCATCGATCGCAGA
45	IGKV6-15	IGKJ5	TCCACATCAGTAGGAGACAGGGTCAGCGTCACCTGCAAGGCCAGTCAGAATGTGGGTACTAATGTAGCCTGGTATCAACAGAAACCAGGGCAATCTCCTAAAGCACTGATTTACTCGGCATCCTACCGGTACAGTGGAGTCCCTGATCGCTTCACAGGCAGTGGATCTGGGACAGATTTCACTCTCACCATCAGCAATGTGCAGTCTGAAGACTTGGCAGAGTATTTCTGTCAGCAATATAACAGCTATCCTCTCACGTTCGGTGCTGGGACCAAGCTGGAGCTGAAACGGGCTGATGCTGCACCAACTGTATCCATCTTCCCACCATCCAGTGAGCATCGATCGAAAC
46	IGKV6-32	IGKJ5	GTATCAGCAAGGAGACAGGGTTACCATAACCTGCAAGGCCAGTCAGAGTGTGAGTAATGATGTAGCTTGGTACCAACAGAAGCCAGGGCAGTCTCCTAAACTGCTGATATACTATGCATCCAATCGCTACACTGGAGTCCCTGATCGCTTCACTGGCAGTGGATATGGGACGGATTTCACTTTCACCATCAGCACTGTGCAGGCTGAAGACCTGGCAGTTTATTTCTGTCAGCAGGATTATAGCTCTCCCACGTTCGGTGCTGGGACCAAGCTGGAGCTGAAACGGGCTGATGCTGCACCAACTGTATCCATCTTCCCACCATCCAGTGAGCATCGATCGAAAC
47	IGKV4-59	IGKJ5	CTCCAGCAATCATGTCTGCATCTCCAGGGGAGAAGGTCACCATGACCTGCAGTGCCAGCTCAAGTGTAAGTTACATGTACTGGTACCAGCAGAAGCCAAGATCCTCCCCCAAACCCTGGATTTATCTCACATCCAACCTGGCTTCTGGAGTCCCTGCTCGCTTCAGTGGCAGTGGGTCTGGGACCTCTTACTCTCTCACAATCAGCAGCATGGAGGCTGAAGATGCTGCCACTTATTACTGCCAGCAGTGGAGTAGTAACCCGCTCACGTTCGGTGCTGGGACCAAGCTGGAGCTGAAACGGGCTGATGCTGCACCAACTGTATCCATCTTCCCACCATCCAGTGAGCATCGATCGAATA
48	IGKV6-23	IGKJ1	TCCACATCAGTAGGAGACAGGGTCAGCATCACCTGCAAGGCCAGTCAGGATGTGGGTACTGCTGTAGCCTGGTATCAACAGAAATCAGGGCAATCTCCTAAACTACTGATTTACTGGGCATCCACCCGGCACACTGGAGTCCCTGATCGCTTCACAGGCAGTGGATCTGGGACAGATTTCACTCTCACCATTAGCAATGTGCAGTCTGAAGACTTGGCAGATTATTTCTGTCAGCAATATAGCAGCTATCCGACGTTCGGTGGAGGCACCAAGCTGGAAATCAAACGGGCTGATGCTGCACCAACTGTATCCATCTTCCCACCATCCAGTGAGCATCGATCGAAAA
49	IGKV6-17	IGKJ1	TCCACATCAGTAGGAGACAGGGTCAGCATCACCTGCAAGGCCAGTCAGGATGTGAGTACTGCTGTAGCCTGGTATCAACAGAAACCAGGACAATCTCCTAAACTACTGATTTACTCGGCATCCTACCGGTACACTGGAGTCCCTGATCGCTTCACTGGCAGTGGATCTGGGACGGATTTCACTTTCACCATCAGCAGTGTGCAGGCTGAAGACCTGGCAGTTTATTACTGTCAGCAACATTATAGTACTCCCACGTGGACGTTCGGTGGAGGCACCAAGCTGGAAATCAAACGGGCTGATGCTGCACCAACTGTATCCATCTTCCCACCATCCAGTGAGCATCGATCGAGAA
50	IGKV6-17	IGKJ5	TCCACATCAGTAGGAGACAGGGTCAGCATCACCTGCAAGGCCAGTCAGGATGTGAGTACTGCTGTAGCCTGGTATCAACAGAAACCAGGACAATCTCCTAAACTACTGATTTACTCGGCATCCTACCGGTACACTGGAGTCCCTGATCGCTTCACTGGCAGTGGATCTGGGACGGATTTCACTTTCACCATCAGCAGTGTGCAGGCTGAAGACCTGGCAGTTTATTACTGTCAGCAACATTATAGTACTCCGCTCACGTTCGGTGCTGGGACCAAGCTGGAGCTGAAACGGGCTGATGCTGCACCAACTGTATCCATCTTCCCCCCATCCAGTGAGCATCGATCGAAAA
51	IGKV4-59	IGKJ5	CTCCAGCAATCATGTCTGCATCTCCAGGGGAGAAGGTCACAATGACTTGCAGGGCCAGCTCAAGTGTAAGTTACATGCACTGGTACCAGCAGAAGCCAGGATCCTCCCCCAAACCCTGGATTTATGCCACATCCAACCTGGCTTCTGGAGTCCCTGCTCGCTTCAGTGGCAGTGGGTCTGGGACCTCTTACTCTCTCACAATCAGCAGAGTGGAGGCTGAAGATGCTGCCACTTATTACTGCCAGCAGTGGAGTAGTAACCCGCTCACGTTCGGTGCTGGGACCAAGCTGGAGCTGAAACGGGCTGATGCTGCACCAACTGTATCCATCTTCCCACCATCCAGTGAGCATCGATCGCTTA
52	IGKV4-59	IGKJ5	CTCCAGCAATCATGGCTGCATCTCCAGGGGAGAAGGTCACCATGACCTGCAGTGCCAGCTCAGGTGTAAGTTACATGCACTGGTACCAGCAGAAGTCAGGCACCTCCCCCAAAAGATGGATTTATGACACATCCAAACTGGCTTCTGGAGTCCCTGCTCGCTTCAGTGGCAGTGGGTCTGGGACCTCTTACTCTCTCACAATCAGCAGCATGGAGGCTGAAGATGCTGCCACTTATTACTGCCAGCAGTGGAGTAGTAACCCACCCACGTTCGGTGCTGGGACCAAGCTGGAGCTGAAACGGGCTGATGCTGCACCAACTGTATCCATCTTCCCACCATCCAGTGAGCATCGATCGAAAA
53	IGKV1-110	IGKJ1	CTCCACTCTCCCTGCCTGTCAGACTTGGAGATCAAGCCTCCATCTCTTGCAGATCTAGTCAGAGCCTTGTACACAGTCATGGAGACACCTATTTACATTGGTACCTGCAGAAGCCAGGCCGGTCTCCAAAGCTCCTGATCTACAAAGTTTCCAACCGATTTTCTGGGGTCCCAGACAGGTTCAGTGGCAGTGGATCAGGGACAGATTTCACACTCAAGATCAGCAGAGTGGAGGCTGAGGATCTGGGAGTTTATTTCTGCTCTCAAAGTACACATGTTCCGTGGACGTTCGGTGGAGGCACCAAGCTGGAAATCAAACGGGCTGATGCTGCACCAACTGTATCCATCTTCCCACCATCCAGTGAGCATCGATCGTATA
54	IGKV6-17	IGKJ1	TCCACATCAGTAGGAGACAGGGTCAGCATCACCTGCAAGGCCAGTCAGGATGTGAGTACTGCTGTAGCCTGGTATCAACAGAAACCAGGACAATCTCCTAAACTACTGATTTACTCGGCATCCTACCGGTACACTGGAGTCCCTGATCGCTTCACTGGCAGTGGATCTGGGACGGATTTCACTTTCACCATCAGCAGTGTGCAGGCTGAAGACCTGGCAGTTTATTACTGTCAGCAACATTATAGTACTCCTCGGACGTTCGGTGGAGGCACCAAGCTGGAAATCAAACGGGCTGATGCTGCACCAACTGTATCCATCTTCCCACCATCCAGTGAGCATCGATCGCAGT
55	IGKV4-59	IGKJ4	CTCCAGCAATCATGTCTGCATCTCCAGGGGAGAAGGTCACCATGACCTGCAGTGCCAGCTCAAGTGTAAGTTACATGCACTGGTACCAGCAGAAGTCAGGCACCTCCCCCAAAAGATGGATTTATGACACATCCAAACTGGCTTCTGGAGTCCCTGCTCGCTTCAGTGGCAGTGGGTCTGGGACCTCTTACTCTCTCACAATCAGCAGCATGGAGGCTGAAGATGCTGCCACTTATTACTGCCAGCAGTGGAGTAGTAACCCATTCACGTTCGGCTCGGGGACAAAGTTGGAAATAAAACGGGCTGATGCTGCACCAACTGTATCCATCTTCCCACCATCCAGTGAGCATCGATCGAAAA
56	IGKV6-15	IGKJ1	TCCACATCAGTAGGAGACAGGGTCAGCGTCACCTGCAAGGCCAGTCAGAATATGGGTACTAATGTAGCCTGGTATCAACAGAAACCAGGGCAATCTCCTAAAGCACTGATTTACTCGGCATCCTACCGGTACAGTGGAGTCCCTGATCGCTTCACAGGCAGTGGATCTGGGACAGATTTCACTCTCACCATCAGCAATGTGCAGTCTGAAGACTTGGCAGAGTATTTCTGTCAGCAATATAACAGCTATCCTCTGACGTTCGGTGGAGGCACCAAGCTGGAAATCAAACGGGCTGATGCTGCACCAACTGTATCCATCTTCCCACCATCCAGTGAGCATCGATCGAGAA
57	IGKV3-10	IGKJ5	GCTGTGTCTCTAGGGCAGAGGGCCACCATATCCTGCAGAGCCAGTGAAAGTGTTGATAGTTATGGCAATAGTTTTATGCACTGGTACCAGCAGAAACCAGGACAGCCACCCAAACTCCTCATCTATCTTGCATCCAACCTAGAATCTGGGGTCCCTGCCAGGTTCAGTGGCAGTGGGTCTAGGACAGACTTCACCCTCACCATTGATCCTGTGGAGGCTGATGATGCTGCAACCTATTACTGTCAGCAAAATAATGAGGATCCGCTCACGTTCGGTGCTGGGACCAAGCTGGAGCTGAAACGGGCTGATGCTGCACCAACTGTATCCATCTTCCCACCATCCAGTGAGCATCGATCGAGAT
58	IGKV3-4	IGKJ2	GCTGTGTCTCTAGGGCAGAGGGCCACCATCTCCTGCAAGGCCAGCCAAAGTGTTGATTATGATGGTGATAGTTATATGAACTGGTATCAACAGAAACCAGGACAGCCACCCAAACTCCTCATCTATGCTGCATCCAATCTAGAATCTGGGATCCCAGCCAGGTTTAGTGGCAGTGGGTCTGGGACAGACTTCACCCTCAACATCCATCCTGTGGAGGAGGAGGATGCTGCAACCTATTACTGTCAGCAAAGTAATGAGGATCCGTACACGTTCGGAGGGGGGACCAAGCTGGAAATAAAACGGGCTGATGCTGCACCAACTGTATCCATCTTCCCACCATCCAGTGAGCATCGATCGAAAC
59	IGKV6-23	IGKJ4	TCCACATCAGTAGGAGACAGGGTCAGCATCACCTGCAAGGCCAGTCAGGATGTGGGTACTGCTGTAGCCTGGTATCAACAGAAACCAGGGCAATCTCCTAAACTACTGATTTACTGGGCATCCACCCGGCACACTGGAGTCCCTGATCGCTTCACAGGCAGTGGATCTGGGACAGATTTCACTCTCACCATTAGCAATGTGCAGTCTGAAGACTTGGCAGATTATTTCTGTCAGCAATATAGCAGCTATCCCACGTTCGGCTCGGGGACAAAGTTGGAAATAAAACGGGCTGATGCTGCACCAACTGTATCCATCTTCCCACCATCCAGTGAGCATCGATCGTATG
60	IGKV6-17	IGKJ1	TCCACATCAGTAGGAGACAGGGTCAGCATCACCTGCAAGGCCAGTCAGGATGTGAGTACTGCTGTAGCCTGGTATCAACAGAAACCAGGACAATCTCCTAAACTACTGATTTACTCGGCATCCTACCGGTACACTGGAGTCCCTGATCGCTTCACTGGCAGTGGATCTGGGACGGATTTCACTTTCACCATCAGCAGTGTGCAGGCTGAAGACCTGGCAGTTTATTACTGTCAGCAACATTATAGTACTCCTCGGACGTTCGGTGGAGGCACCAAGCTGGAAATCAAACGGGCTGATGCTGCACCAACTGTATCCATCTTCCCACCATCCAGTGAGCATCGATCGAAAA
61	IGKV10-96	IGKJ1	CCCTGTCTGCCTCTCTGGGAGACAGAGTCACCATCAGTTGCAGGGCAAGTCAGGACATTAGCAATTATTTAAACTGGTATCAGCAGAAACCAGATGGAACTGTTAAACTCCTGATCTACTACACATCAAGATTACACTCAGGAGTCCCATCAAGGTTCAGTGGCAGTGGGTCTGGAACAGATTATTCTCTCACCATTAGCAACCTGGAGCAAGAAGATATTGCCACTTACTTTTGCCAACAGGGTAATACGCTTCCTCGGACGTTCGGTGGAGGCACCAAGCTGGAAATCAAACGGGCTGATGCTGCACCAACTGTATCCATCTTCCCACCATCCAGTGAGCATCGATCGGATA
62	IGKV6-17	IGKJ2	TCCACATCAGTAGGAGACAGGGTCAGCATCACCTGCAAGGCCAGTCAGGATGTGAGTACTGCTGTAGCCTGGTATCAACAGAAACCAGGACAATCTCCTAAACTACTGATTTACTCGGCATCCTACCGGTACACTGGAGTCCCTGATCGCTTCACTGGCAGTGGATCTGGGACGGATTTCACTTTCACCATCAGCAGTGTGCAGGCTGAAGACCTGGCAGTTTATTACTGTCAGCAACATTATAGTACTCCGTACACGTTCGGAGGGGGGACCAAGCTGGAAATAAAACGGGCTGATGCTGCACCAACTGTATCCATCTTCCCACCATCCAGTGAGCATCGATCGATTGT
63	IGKV10-96	IGKJ5	CCCTGTCTGCCTCTCTGGGAGACAGAGTCACCATCAGTTGCAGGGCAAGTCAGGACATTAGCAATTATTTAAACTGGTATCAGCAGAAACCAGATGGAACTGTTAAACTCCTGATCTACTACACATCAAGATTACACTCAGGAGTCCCATCAAGGTTCAGTGGCAGTGGGTCTGGAACAGATTATTCTCTCACCATTAGCAACCTGGAGCAAGAAGATATTGCCACTTACTTTTGCCAACAGGGTAATACGCTTCCGCTCACGTTCGGTGCTGGGACCAAGCTGGAGCTGAAACGGGCTGATGCTGCACCAACTGTATCCATCTTCCCACCATCCAGTGAGCATCGATCGGATA
64	IGKV12-44	IGKJ5	CAGCCTCCCTATCTGCATCTGTGGGAGAAACTGTCACCATCACATGTCGAGCAAGTGAGAATATTTACAGTTATTTAGCATGGTATCAGCAGAAACAGGGAAAATCTCCTCAGCTCCTGGTCTATAATGCAAAAACCTTAGCAGAAGGTGTGCCATCAAGGTTCAGTGGCAGTGGATCAGGCACACAGTTTTCTCTGAAGATCAGCAGCCTGCAGCCTGAAGATTTTGGGAGTTATTACTGTCAACATCATTATGGTACTCCGCTCACGTTCGGTGCTGGGACCAAGCTGGAGCTGAAACGGGCTGATGCTGCACCAACTGTATCCATCTTCCCACCATCCAGTGAGCATCGATCGAAAA
65	IGKV4-61	IGKJ4	CTCCAGCAATCATGTCTGCATCTCCAGGGGAGAAGGTCACCATATCCTGCAGTGCCAGCTCAAGTGTAAGTTACATGTACTGGTACCAGCAGAAGCCAGGATCCTCCCCCAAACCCTGGATTTATCGCACATCCAACCTGGCTTCTGGAGTCCCTGCTCGCTTCAGTGGCAGTGGGTCTGGGACCTCTTATTCTCTCACAATCAGCAGCATGGAGGCTGAAGATGCTGCCACTTATTACTGCCATCAGCGGAGTAGTTACCCATTCACGTTCGGCTCGGGGACAAAGTTGGAAATAAAACGGGCTGATGCTGCACCAACTGTATCCATCTTCCCACCATCCAGTGAGCATCGATCGAATA
66	IGKV10-96	IGKJ2	CCCTGTCTGCCTCTCTGGGAGACAGAGTCACCATCAGTTGCAGGGCAAGTCAGGACATTAGCAATTATTTAAACTGGTATCAGCAGAAACCAGATGGAACTGTTAAACTCCTGATCTACTATATATCAAGATTACACTCAGGAGTCCCATCAAGGTTCAGTGGCAGTGGGTCTGGAACAGATTATTCTCTCACCATTAACAACCTGGAGCAAGAAGATATTGCCACTTACTTTTGCCAACAGGGTAATATGCTTCCCATGTATACGTTCGGAGGGGGGACCAAGCTGGAAATAAAACGGGCTGATGCTGCACCAACTGTATCCATCTTCCCACCATCCAGTGAGCATCGATCGATTA
67	IGKV12-44	IGKJ1	CCCTGTCTGCCTCTCTGGGAGAAACTGTCACCATCACATGTCGAGCAAGTGAGAATATTTACAGTTATTTAGCATGGTATCAGCAGAAACAGGGAAAATCTCCTCAGCTCCTGGTCTATAATGCAAAAACCTCAGCAGAAGGTGTGCCATCAAGGTTCAGTGGCAGTGGATCAGGCACACAGTTTTCTCTGAAGATCAACAGCCTGCAGCCTGAAGATTTTGGGAGTTATTACTGTCAACATCATTATGGTACTCCTCGGACGTTCGGTGGAGGCACCAAGCTGGAAATCAAACGGGCTGATGCTGCACCAACTGTATCCATCTTCCCACCATCCAGTGAGCATCGATCGATTA
68	IGKV10-96	IGKJ1	CCCTGTCTGCCTCTCTAGGAGACAGAGTCACCATCAGTTGCAGGGCAAGTCAGGACATTAGCAATTATTTAAACTGGTATCAGCAGAGACCAGATGGAACTGTTAAACTCCTGATCTACTACACATCAAGATTACACTCAGGAGTCCCATCAAGGTTCAGTGGCAGTGGGTCTGGAACAGATTATTCTCTCACCATTAGCAACCTGGAGCAAGAAGATATTGCCACTTACTTTTGCCAACAGGGTAATACGCTTCCTCGGACGTTCGGTGGAGGCACCAAGCTGGAAATCAAACGGGCTGATGCTGCACCAACTGTATCCATCTTCCCACCATCCAGTGAGCATCGATCGATGA
69	IGKV6-17	IGKJ2	TCCACATCAGTAGGAGACAGGGTCAGCATCACCTGCAAGGCCAGTCAGGATGTGAGTACTGCTGTAGCCTGGTATCAACAGAAACCAGGACAATCTCCTAAACTACTGATTTACTCGGCATCCTACCGGTACACTGGAGTCCCTGATCGCTTCACTGGCAGTGGATCTGGGACGGATTTCACTTTCACCATCAGCAGTGTGCAGGCTGAAGACCTGGCAGTTTATTACTGTCAGCAACATTATAGTACTCCTCGGACGTTCGGAGGGGGGACCAAGCTGGAAATAAAACGGGCTGATGCTGCACCAACTGTATCCATCTTCCCACCATCCAGTGAGCATCGATCGTATA
70	IGKV1-110	IGKJ2	CTCCACTCTCCCTGCCTGTCAGTCTTGGAGATCAAGCCTCCATCTCTTGCAGATCTAGTCAGAGCCTTCTACACAGTAATGGAAACACCTATTTACATTGGTACCTGCAGAAGCCAGGCCAGTCTCCAAAGCTCCTGATCTACAAAGTTTCCAACCGATTTTCTGGGGTCCCAGACAGGTTCAGTGGCAGTGGATCAGGGACAGATTTCACACTCAAGATCAGCAGAGTGGAGGCTGAGGATCTGGGAGTTTATTTCTGCTCTCAAACTACACATGTTCCGTACACGTTCGGAGGGGGGACCAAGCTGGAAATAAAACGGGCTGATGCTGCACCAACTGTATCCATCTTCCCACCATCCAGTGAGCATCGATCGAAAC
71	IGKV10-96	IGKJ2	CCCTGTCTGCCTCTCTGGGAGACAGAGTCACCATCAGTTGCAGGGCAAGTCAGGACATTAGCAATTATTTAAACTGGTATCAGCAGAAACCAGATGGAACTGTTAAACTCCTGATCTACTACACATCAAGATTACACTCAGGAGTCCCATCAAGGTTCAGTGGCAGTGGGTCTGGAACAGATTATTCTCTCACCATTAGCAACCTGGAGCAAGAAGATATTGCCACTTACTTTTGCCGACAGGGTAATACGCTTCCGTACACGTTCGGAGGGGGGACCAAGCTGGAAATAAAACGGGCTGATGCTGCACCAACTGTATCCATCTTCCCACCATCCAGTGAGCATCGATCGCTGA
72	IGKV10-96	IGKJ1	CCCTGTCTGCCTCTCTGGGAGACAGACTCACCATCAGTTGCCGGGCAAGTCAGGACATTAGCAATTATTTAAACTGGTATCAGCAGAAACCAGTTGGAACTGTTAAACTCCTGATCTACTACACATCAAGATTACACTCAGGAGTCCCATCAAGGTTCAGTGGCAGTGGGTCTGGAACAGATTATTCTCTCACCATTAGCAACCTGGAGCAAGAAGATATTGCCACTTACTTTTGCCAACAGGGTAATACGCTTCCGTGGACGTTCGGTGGAGGCACCAAGCTGGAAATCAAACGGGCTGATGCTGCACCAACTGTATCCATCTTCCCACCATCCAGTGAGCATCGATCGATAC
73	IGKV4-55	IGKJ1	CTCCAGCAATCATGGCTGCATCTCCAGGGGAGAAGGTCACCATGACCTGCAGTGCCAGCTCAAGTGTAAGTTACATGTACTGGTACCAGCAGAAGCCAGGATCCTCCCCCAGACTCCTGATTTATGACACATCCAACCTGGCTTCTGGAGTCCCTGTTCGCTTCAGTGGCAGTGGGTCTGGGACCTCTTACTCTCTCACAATCAGCCGAATGGAGGCTGAAGATGCTGCCACTTATTACTGCCAGCAGTGGAGTAGTTACCCACGGACGTTCGGTGGAGGCACCAAGCTGGAAATCAAACGGGCTGATGCTGCACCAACTGTATCCATCTTCCCACCATCCAGTGAGCCATCGATCGTTAA
74	IGKV5-43	IGKJ5	CCAGCCACCCTGTCTGTGACTCCCGGAGATAGCGTCAGTCTTTCCTGCACGGCCAGCCACAGTATTAGCAACAACCTACACTGGTATCAACAAAAATCACATGAGTCTCCAAGGCTTCTCATCAAGTATGCTTCCCAGTCCATCTCTGGGATCCCCTCCAGGTTCAGTGGCAGTGGATCAGGGACAGATTTCACTCTCAGTATCAACAGTGTGGAGACTGAAGATTTTGGAATGTATTTCTGTCAACAGAGTAACAGCTGGCCTCTCACGTTCGGTGCTGGGACCAAGCTGGAGCTGAAACGGGCTGATGCTGCACCAACTGTATCCATCTTCCCACCATCCAGTGAGCATCGATCGAATA
75	IGKV6-17	IGKJ5	TCCACATCAGTAGGAGACAGGGTCAGCATCACCTGCAAGGCCAGCCAGGATGTGAGTACTGCTGTAGCCTGGTATCAACAGAAACCAGGACAATCTCCTAAACTACTGATTTACTCGGCATCCTACCGGTACACTGGAGTCCCTGATCGCTTCACTGGCAGTGGATCTGGGACGGATTTCACTTTCACCATCAGCAGTGTGCAGGCTGAAGACCTGGCAGTTTATTACTGTCAGCAACATTATAGTACTCCGCTCACGTTCGGTGCTGGGACCAAGCTGGAGCTGAAACGGGCTGATGCTGCACCAACTGTATCCATCTTCCCACCATCCAGTGAGCATCGATCGTAAA
76	IGKV6-15	IGKJ5	TCCACATCAGTAGGAGACAGGGTCAGCGTCACCTGCAAGGCCAGTCAGAATGTGGGTACTAATGTAGCCTGGTATCAACAGAAACCAGGGCAATCTCCTAAAGCACTGATTTACTCGGCATCCTACCGGTACAGTGGAGTCCCTGATCGCTTCACAGGCAGTGGATCTGGGACAGATTTCACTCTCACCATCAGCAATGTGCAGTCTGAAGACTTGGCAGAGTATTTCTGTCAGCAATATAACAGCTATCCTCTCACGTTCGGTGCTGGGACCAAGCTGGAGCTGAAACGGGCTGATGCTGCACCAACTGTATCCATCTTCCCACCATCCAGTGAGCATCGATCGAAAC
77	IGKV10-94	IGKJ5	CCCTGTCTGCCTCTCTGGGAGACAGAGTCACCATCAGTTGCAGTGCAAGTCAGGGCATTAGCAATTATTTAAACTGGTATCAGCAGAAACCAGATGGAACTGTTAAACTCCTGATCTATTACACATCAAGTTTACACTCAGGAGTCCCATCAAGGTTCAGTGGCAGTGGGTCTGGGACAGATTATTCTCTCACCATCAGCAACCTGGAACCTGAAGATATTGCCACTTACTATTGTCAGCAGTATAGTAAGCTTCCGCTCACGTTCGGTGCTGGGACCAAGCTGGAGCTGAAACGGGCTGATGCTGCACCAACTGTATCCATCTTCCCACCATCCAGTGAGCATCGATCGATGA
78	IGKV1-110	IGKJ2	CTCCACTCTCCCTGCCTGTCAGTCTTGGAGATCAAGCCTCCATCTCTTGCAGATCTAGTCAGAGCCCTGTACACACTAGTGGAAACACCTATTTACATTGGTACCTGCAGAAGCCAGGCCGGTCTCCAAAGCTCCTGATCTATAAAGTTTCCAACCGATTTTCTGGGGTCCCAGACAGGTTCAGTGGCAGTGGATCAGGGACAGATTTCACACTCAAGATCAGCAGAGTGGAGGCTGAGGATCTGGGAGTTTATTTCTGCTCTCAAACTACACATGTTCCGTACACGTTCGGAGGGGGGACCAAGCTGGAAATAAAACGGGCTGATGCTGCACCAACTGTATCCATCTTCCCACCATCCAGTGAGCATCGATCGAGAA
79	IGKV6-15	IGKJ5	TCCACATCAGTAGGAGACAGGGTCAGCGTCACCTGCAAGGCCAGTCAGAATGTGGGTACTAATGTAGCCTGGTATCAACAGAAACCAGGGCAATCTCCTAAAGCACTGATTTACTCGGCATCCTACCGGTACAGTGGAGTCCCTGATCGCTTCACAGGCAGTGGATCTGGGACAGATTTCACTCTCACCATCAGCAATGTGCAGTCTGAAGACTTGGCAGAGTATTTCTGTCAGCAATATAACAGCTATCCTCTCACGTTCGGTGCTGGGACCAAGCTGGAGCTGAAACGGGCTGATGCTGCACCAACTGTATCCATCTTCCCACCATCCAGTGAGCATCGATCGAGAA
80	IGKV10-96	IGKJ1	CCCTGTCTGCCTCTCTGGGAGACAGAGTCACCATCAGTTGCAGGGCAAGTCAGGACATTAGCAATTATTTAAACTGGTATCAGCAGAAACCAGATGGAACTGTTAAACTCCTGATCTACTACACATCAAGATTACACTCAGGAGTCCCATCAAGGTTCAGTGGCAGTGGGTCTGGAACAGATTATTCTCTCACCATTAGCAACCTGGAGCAAGAAGATATTGCCACTTACTTTTGCCAACAGGGTAATACGCTTCCTCGGACGTTCGGTGGAGGCACCAAGCTGGAAATCAAACGGGCTGATGCTGCACCAACTGTATCCATCTTCCCACCATCCAGTGAGCATCGATCGAAGA
81	IGKV6-23	IGKJ2	TCCACATCAGTAGGAGACAGGGTCAGCATCACCTTCAAGGCCAGTCAGGATGTGGGTACTGCTGTAGCCTGGTATCAACAGAAACCAGGGCAATCTCCTAAACTACTGATTTACTGGGCATCCACCCGGCACACTGGAGTCCCTGATCGCTTCACAGGCAGTGGATCTGGGACAGATTTCACTCTCACCATTAGCAATGTGCAGTCTGAAGACTTGGCAGATTATTTCTGTCAGCAATATAGCAGCTATCCGTACACGTTCGGAGGGGGGACCAAGCTGGAAATAAAACGGGCTGATGCTGCACCAACTGTATCCATCTTCCCACCATCCAGTGAGCATCGATCGGGAT
82	IGKV4-57	IGKJ2	CTCCAGCAATCATGTCTGCATCTCCAGGGGAGAAGGTCACCATAACCTGCAGTGCCAGCTCAAGTGTAAGTTACATGCACTGGTTCCAGCAGAAGCCAGGCACTTCTCCCAAACTCTGGATTTATAGCACATCCAACCTGGCTTCTGGAGTCCCTGCTCGCTTCAGTGGCAGTGGATCTGGGACCTCTTACTCTCTCACAATCAGCCGAATGGAGGCTGAAGATGCTGCCACTTATTACTGCCAGCAAAGGAGTAGTTACCCACCGTACACGTTCGGAGGGGGGACCAAGCTGGAAATAAAACGGGCTGATGCTGCACCAACTGTATCCATCTTCCCACCATCCAGTGAGCATCGATCGAAAA
83	IGKV5-39	IGKJ5	CCAGCCACCCTGTCTGTGACTCCAGGAGATAGAGTCTCTCTTTCCTGCAGGGCCAGCCAGAGTATTAGCGACTACTTACACTGGTATCAACAAAAATCACATGAGTCTCCAAGGCTTCTCATCAAATATGCTTCCCAATCCATCTCTGGGATCCCCTCCAGGTTCAGTGGCAGTGGATCAGGGTCAGATTTCACTCTCAGTATCAACAGTGTGGAACCTGAAGATGTTGGAGTGTATTACTGTCAAAATGGTCACAGCTTTCCGCTCACGTTCGGTGCTGGGACCAAGCTGGAGCTGAAACGGGCTGATGCTGCACCAACTGTATCCATCTTCCCACCATCCAGTGAGCATCGATCGCAGA
84	IGKV10-94	IGKJ5	CCCTGTCTGCCTCTCTGGGAGACAGAGTCACCATCAGTTGCAGTGTAAGTCAGGGCATTAGCAATTATTTAAACTGGTATCAGCAGAAACCAGATGGAACTGTTAAACTCCTGATCTATTACACATCAAGTTTACACTCAGGAGTCCCATCAAGGTTCAGTGGCAGTGGGTCTGGGACAGATTATTCTCTCACCATCAGCAACCTGGAACCTGAAGATATTGCCACTTACTATTGTCAGCAGTATAGTAAGCTTCCGCTCACGTTCGGTGCTGGGACCAAGCTGGAGCTGAAACGGGCTGATGCTGCACCAACTGTATCCATCTTCCCACCATCCAGTGAGCATCGATCGAACA
85	IGKV10-96	IGKJ4	CCCCACATCAGTAGGAGACAGGGTCACCATCAGTTGCAGGGCAAGTCAGGACATTAGCAATTATTTAAACTGGTATCAGCAGAAACCAGATGGAACTGTTAAACTCCTGATCTACTACACATCAAGATTACACTCAGGAGTCCCATCAAGGTTCAGTGGCAGTGGGTCTGGAACAGATTATTCTCTCACCATTAGCAACCTGGAGCAAGAAGATATTGCCACTTACTTTTGCCAACAGGGTAATACGCTTCCATTCACGTTTGGCTCGGGGACAAAGTTGGAAATAAAACGGGCTGATGCTGCACCAACTGTATCCATCTTCCCACCATCCAGTGAGCATCGATCGTAAA
86	IGKV12-41	IGKJ1	CAGCCTCCCTATCTGCATCTGTGGGAGAAACTGTCACCATCACATGTCGAGCAAGTGGGAATATTCACAATTATTTAGCATGGTATCAGCAGAAACAGGGAAAATCTCCTCAGCTCCTGGTCTATAATGCAAAAACCTTAGCAGATGGTGTGCCATCAAGGTTCAGTGGCAGTGGATCAGGAACACAATATTCTCTCAAGATCAACAGCCTGCAGCCTGAAGATTTTGGGAGTTATTACTGTCAACATTTTTGGAGTACTTGGACGTTCGGTGGAGGCACCAAGCTGGAAATCAAACGGGCTGATGCTGCACCACCTGTACCCATCTTCCCACCATCCAGTGAGCATCGATCGGCGAA
87	IGKV6-17	IGKJ1	TCCACCTCAGGTAGGAGACAGGGTCAGTATCACCTGCAAGGCCAGTCAGGATGTGACTACTGCTGTAGCCTGGTATCAACAGAAACCAGGACAATCTCCTAAACTACTGATTTACTCGGCATCCTACCGGTTCACTGGAGTCCCTGATCGCTTCACTGGCAGTGGATCTGGGACGGATTTCACTTTCACCATCAGCAGTGTGCAGGCTGAAGACCTGGCAGTTTATTACTGTCACCAACATTATAGTACTCCGTGGACGTTCGGTGGAGGCACCAAGCTGGAAATCAAGCGGGCTGATGCTGCACCAACTGTATCCATCTTCCCACCATCCAGTGAGCATCGATCGTAAT
88	IGKV1-110	IGKJ2	CTCCACTCTCCCTGCCTGTCAGTCTTGGAGATCAAGCCTCCATCTTTTGCAGATCTAGTCAGAGCCTTGTACACAGTAATGGAAACACCTATTTACATTGGTTCCTGCAGAAGCCAGACCAGTCTCCAAAGCTCCTGATCTACAAGGTTTCCAACCGACTTTCTGAGGTCCCCGACAGGTTCAGTGGCAGTGGATCAGGGACAGATTTCACACTCAAGATCAGCAGAGTGGAGGCTGAGGATCTGGGAGTTTATTTCTGCTCTCAAAGTGCACATTTTCCGTACACGTTCGGCGGGGGGACCAAGCTGGAAATAAAACGGGCTGATGCTGCACCAACTGTATCCATCTTCCCACCATCCAGTGAGCATCGATCGATAT
89	IGKV6-15	IGKJ5	TCCACATCAGTAGGAGACAGGGTCAGCGTCACCTGCAAGGCCAGTCAGAATGTGGGTACTAATGTAGCCTGGTATCAACAGAAACCAGGGCAATCTCCTAAAGCACTGATTTACTCGGCATCCTACCGGTACAGTGGAGTCCCTGATCGCTTCACAGGCAGTGGATCTGGGACAGATTTCACTCTCACCATCAGCAATGTGCAGTCTGAAGACTTGGCAGAGTATTTCTGTCAGCAATATAACAGCTATCCTCTCACGTTCGGTGCTGGGACCAAGCTGGAGCTGAAACGGGCTGATGCTGCACCAACTGTATCCATCTTCCCACCATCCAGTGAGCATCGATCGAGAA
90	IGKV6-23	IGKJ5	TCCACATCAGTAGGAGACAGGGTCAGCATCACCTGCAAGGCCAGTCAGGATGTGGGTACTGCTGTAGCCTGGTATCAACAGAAACCAGGGCAATCTCCTAAACTACTGATTTACTGGGCATCCACCCGGCACACTGGAGTCCCTGATCGCTTCACAGGCAGTGGATCTGGGACAGATTTCACTCTCACCATTAGCAATGTGCAGTCTGAAGACTTGGCAGATTATTTCTGTCAGCAATATAGCAGCTATCCTCTCACGTTCGGTGCTGGGACCAAGCTGGAGCTGAAACGGGCTGATGCTGCACCAACTGTATCCATCTTCCCACCATCCAGTGAGCATCGATCGTCAA
91	IGKV3-5	IGKJ5	GCTGTGTCTCTAGGGCAGAGGGCCACCATATCCTGCAGAGCCAGTGAAAGTGTTGATAGTTATGGCAATAGTTTTATGCACTGGTACCAGCAGAAACCAGGACAGCCACCCAAACTCCTCATCTATCGTGCATCCAACCTAGAATCTGGGATCCCTGCCAGGTTCAGTGGCAGTGGGTCTAGGACAGACTTCACCCTCACCATTAATCCTGTGGAGGCTGATGATGTTGCAACCTATTACTGTCAGCAAAGTAATGAGGATCCGCTCACGTTCGGTGCTGGGACCAAGCTGGAGCTGAAACGGGCTGATGCTACACCAACTGTATCCATCTTCCCACCATCCAGTGAGCATCGATCGGATA
92	IGKV6-17	IGKJ1	TCCACATCAGTAGGAGACAGGGTCAGCATCACCTGCAAGGCCAGTCAGGATGTGAGTACTGCTGTAGCCTGGTATCAACAAAAACCAGGGCAATCTCCTAAACTACTGATTTACTGGGCATCCACCCGGCACACTGGAGTCCCTGATCGCTTCACAGGCAGTGGATCTGGGACAGATTATACTCTCACCATCAGCAGTGTGCAGGCTGAAGACCTGGCACTTTATTACTGTCAGCAACATTATAGCACTCCTCGGACGTTCGGTGGAGGCACCAAGCTGGAAATCAAACGGGCTGATGCTGCACCAACTGTATCCATCTTCCCACCATCCAGTGAGCATCGATCGGAAA
93	IGKV6-15	IGKJ1	TCCACATCAGTAGGAGACAGGGTCAGCGTCACCTGCAAGGCCAGTCAGAATGTGGGTACTAATGTAGCCTGGTATCAACAGAAACCAGGGCAATCTCCTAAAGCACTGATTTACTCGGCATCCTACCGGTACAGTGGAGTCCCTGATCGCTTCACAGGCAGTGGATCTGGGACAGATTTCACTCTCACCATCAGCAATGTGCAGTCTGAAGACTTGGCAGAGTATTTCTGTCAGCAATATAACAGCTATCCTCTGACGTTCGGTGGAGGCACCAAGCTGGAAATCAAACGGGCTGATGCTGCACCAACTGTATCCATCTTCCCACCATCCAGTGAGCATCGATCGAAGA
94	IGKV3-1	IGKJ1	GCTGTGTCTCTAGGGCAGAGAGTCACCATCTCCTGCAGAGCCAGTGAAAGTGTTGAATATTATGGCACAAGTTTGATGCAGTGGTACCAACAGATACCAGGACAGTCACCCAAACTCCTCATCTATGCTGCATCCAACGTAGAATCTGGGGTCCCTGCCAGGTTTAGTGGCAGTGGGTCTGGGACAGACTTCAGCCTCAACATCCATCCTGTGGAGGAGGATGATATTGCAATGTATATCTGTCAGCAAAGTAGGAAGGTTCCTTGGACGTTCGGTGGAGGCACCAAGCTGGAAATCAAACGGGCTGATGCTGCACCAACTGTATCCATCTTCCCACCATCCAGTGAGCATCGATCGTGAA
95	IGKV10-96	IGKJ1	CCCTGTCTGCCTCTCTGGGAGACAGAGTCACCATCAGTTGCAGGGCAAGTCAGGACATTAGCAATTATTTAAACTGGTATCAGCAGAAACCAGATGGAACTGTTAAACTCCTGATCTACTACACATCAAGATTACACTCAGGAGTCCCATCAAGGTTCAGTGGCAGTGGGTCTGGAACAGATTATTCTCTCACCATTAGCAACCTGGAGCAAGAAGATATTGCCACTTACTTTTGCCAACAGGGTAATACGCTTCCTCGGACGTTCGGTGGAGGCACCAAGCTGGAAATCAAACGGGCTGATGCTGCACCAACTGTATCCATCTTCCCACCATCCAGTGAGCATCGATCGGAAA
96	IGKV4-70	IGKJ2	CTCCAGCAATCATGTCTGCATCTCCAGGGGAGAAGGTCACCGTGACCTGCAGTGCCAGCTCAAGTGTAAGTTACATGCACTGGTATCAACAGAAGCCAGGCACCTCCCCCAAAACATGGATTTTTGACACATCCAAACTGGCTTCTGGAGTCCCTGATCGCTTCAGTGGCAGTGGGTTTGGGACCTCTTATTCTCTCACAATCAATCGCATGGAGGCTGAAGATGCTGCCACTTATTACTGCCATCAGCGGACTAGTTACCCATACACGTTCGGAGGGGGGACCAAGCTGGAAATAAAACGGGCTGATGCTGCACCAACTGTATCCATCTTCCCACCATCCAGTGAGCATCGATCGATTA
97	IGKV6-15	IGKJ1	TCCACATCAGTAGGAGACAGGGTCAGCGTCACCTGCAAGGCCAGTCAGAATGTGGGTACTAATGTAGCCTGGTATCAACAGAAACCAGGGCAATCTCCTAAAGCACTGATTTACTCGGCATCCTACCGGTACAGTGGAGTCCCTGATCGCTTCACAGGCAGTGGATCTGGGACAGATTTCACTCTCACCATCAGCAATGTGCAGTCTGAAGACTTGGCAGAGTATTTCTGTCAGCAATATAACAGCTATCCTCTGACGTTCGGTGGAGGCACCAAGCTGGAAATCAAACGGGCTGATGCTGCACCAACTGTATCCATCTTCCCACCATCCAGTGAGCATCGATCGATTA
98	IGKV10-94	IGKJ1	CCCTGTCTGCCTCTCTGGGAGACAGAGTCACCATCAGTTGCAGGGCAAGTGAGGACATTAGCACTTATTTAAACTGGTATCAGCAGAAACCAGATGGAACTGTTAAACTCCTGATCTATTACACATCAGGATTACACTCAGGAGTCCCATCAAGGTTCAGTGGCAGTGGGTCTGGGGCAGATTATTCTCTCACCATCAGCAACCTGGAACCTGAAGATATTGCCACTTACTATTGTCAGCAGTATAGTAAGCTTCCTCCGACGTTCGGTGGAGGCACCAAGCTGGAAATCAAACGGGCTGATGCTGCACCAACTGTATCCATCTTCCCACCATCCAGTGAGCATCGATCGAGAA
99	IGKV10-96	IGKJ5	CCCTGTCTGCCTCTCTGGGAGACAGAGTCACCATCAGTTGCAGGGCAAGTCAGGACATTAGCAATTATTTAAACTGGTATCAGCAGAAACCAGATGGAACTGTTAAACTCCTGATCTACTACACATCAAGATTACACTCAGGAGTCCCATCAAGGTTCAGTGGCAGTGGGTCTGGAACAGATTATTCTCTCACCATTAGCAACCTGGAGCAAGAAGATATTGCCACTTACTTTTGCCAACAGGGTAATACGCTTCCTCTCACGTTCGGTGCTGGGACCAAGCTGGAGCTGAAACGGGCTGATGCTGCACCAACTGTATCCATCTTCCCACCATCCAGTGAGCATCGATCGTTAC
