seqID	Vgene	Jgene	seq	AAseq	CDR1	CDR2	CDR3	paratope	pdb_path
0	IGKV10-96	IGKJ2	CCCTGTCTGCCTCTCTGGGAGACAGAGTCACCATCAGTTGCAGGGCAAGTCAGGACATTAGCAATTATTTAAACTGGTATCAGCAGAAACCAGATGGAACTGTTAAACTCCTGATCTACTACACATCAAGATTACACTCAGGAGTCCCATCAAGGTTCAGTGGCAGTGGGTCTGGAACAGATTATTCTCTCACCATTAGCAACCTGGAGCAAGAAGATATTGCCACTTACTTTTGCCAACAGGGTAATACGCTTCCGTACACGTTCGGAGGGGGGACCAAGCTGGAAATAAAACGGGCTGATGCTGCACCAACTGTATCCATCTTCCCACCATCCAGTGAGCATCGATCGAAGA	LSASLGDRVTISCRASQDISNYLNWYQQKPDGTVKLLIYYTSRLHSGVPSRFSGSGSGTDYSLTISNLEQEDIATYFCQQGNTLPYTFGGGTKLEIKRADAAPTVSIFPPSSEHRSK	SCRASQDISNYLNWY	IYYTSRLHSGV	FCQQGNTLPYTFG	XXXXXXXXSXYXXXXXXYXXRXXXXXXXXXGNTLXYXXX	processed_data/PDB_structures/RepBuilder/Sample_seq/000000.pdb
1	IGKV6-15	IGKJ2	TCCACATCAGTAGGAGACAGGGTCAGCGTCACCTGCAAGGCCAGTCAGAATGTGGGTACTAATGTAGCCTGGTATCAACAGAAACCAGGGCAATCTCCTAAAGCACTGATTTACTCGGCATCCTACCGGTACAGTGGAGTCCCTGATCGCTTCACAGGCAGTGGATCTGGGACAGATTTCACTCTCACCATCAGCAATGTGCAGTCTGAAGACTTGGCAGAGTATTTCTGTCAGCAATATAACAGCTATCCGTACACGTTCGGAGGGGGGACCAAGCTGGAAATAAAACGGGCTGATGCTGCACCAACTGTATCCATCTTCCCACCATCCAGTGAGCATCGATCGAGAA	STSVGDRVSVTCKASQNVGTNVAWYQQKPGQSPKALIYSASYRYSGVPDRFTGSGSGTDFTLTISNVQSEDLAEYFCQQYNSYPYTFGGGTKLEIKRADAAPTVSIFPPSSEHRSR	TCKASQNVGTNVAWY	IYSASYRYSGV	FCQQYNSYPYTFG	XXXXXXXXGTNXXXXXXXXXYXXXXXXXXXYNSYXYXXX	processed_data/PDB_structures/RepBuilder/Sample_seq/000001.pdb
2	IGKV12-44	IGKJ2	CAAGCCTCCCTGTCTGCATCTGTGGGAGAAACTGTCACCATCACATGTCGAGCAAGTGAGAATATTTACAGTTATTTAGCATGGTATCAGCAGAAACAGGGAAAATCTCCTCAGCTCCTGGTCTATAATGCAAAAACCTTAACAGAAGGTGTGCCATCAAGGTTCAGTGGCAGCGGATCAGGCACACAGTTTTCTCTGAAGATCAACAGCCTGCAGCCTGAAGATTTTGGGAGTTATTACTGTCAACATCATTATGGTACTCCGTACACGTTCGGAGGGGGGACCAAGCTGGAAATAAAACGGGCTGATGCTGCACCAACTGTATCCATCTTCCCACCATCCAGTGAGCATCGATCGATAA	QASLSASVGETVTITCRASENIYSYLAWYQQKQGKSPQLLVYNAKTLTEGVPSRFSGSGSGTQFSLKINSLQPEDFGSYYCQHHYGTPYTFGGGTKLEIKRADAAPTVSIFPPSSEHRSI	TCRASENIYSYLAWY	VYNAKTLTEGV	YCQHHYGTPYTFG	XXXXXXXXYXYXXXXXXNXXXXXXXXXXXXHYGTXYXXX	processed_data/PDB_structures/RepBuilder/Sample_seq/000002.pdb
3	IGKV4-59	IGKJ4	CTCCAGCAATCATGTCTGCATCTCCAGGGGAGAAGGTCACCATGACCTGCAGTGCCAGCTCAAGTGTAAGTTACATGCACTGGTACCAGCAGAAGTCAGGCACCTCCCCCAAAAGATGGATTTATGACACATCCAAACTGGCTTCTGGAGTCCCTGCTCGCTTCAGTGGCAGTGGGTCTGGGACCTCTTACTCTCTCACAATCAGCAGCATGGAGGCTGAAGATGCTGCCACTTATTACTGCCAGCAGTGGAGTAGTAACCCATTCACGTTCGGCTCGGGGACAAAGTTGGAAATAAAACGGGCTGATGCTGCACCAACTGTATCCATCTTCCCACCATCCAGTGAGCATCGATCGATAA	PAIMSASPGEKVTMTCSASSSVSYMHWYQQKSGTSPKRWIYDTSKLASGVPARFSGSGSGTSYSLTISSMEAEDAATYYCQQWSSNPFTFGSGTKLEIKRADAAPTVSIFPPSSEHRSI	TCSASSSVSYMHWY	IYDTSKLASGV	YCQQWSSNPFTFG	XXXXXXXXXYXXXXXXDXXXXXXXXXXXXWSSNXFXXX	processed_data/PDB_structures/RepBuilder/Sample_seq/000003.pdb
4	IGKV12-44	IGKJ5	CAGCCTCCCTATCTGCATCTGTGGGAGAAACTGTCACCATCACATGTCGAGCAAGTGAGAATATTTACAGTTATTTAGCATGGTATCAGCAGAAACAGGGAAAATCTCCTCAGCTCCTGGTCTATAATGCAAAAACCTTAGCAGAAGGTGTGCCATCAAGGTTCAGTGGCAGTGGATCAGGCACACAGTTTTCTCTGAAGATCAACAGCCTGCAGCCTGAAGATTTTGGGAGTTATTACTGTCAACATCATTATGGTACTCCGCTCACGTTCGGTGCTGGGACCAAGCTGGAGCTGAAACGGGCTGATGCTGCACCAACTGTATCCATCTTCCCACCATCCAGTGAGCATCGATCGATAA	ASLSASVGETVTITCRASENIYSYLAWYQQKQGKSPQLLVYNAKTLAEGVPSRFSGSGSGTQFSLKINSLQPEDFGSYYCQHHYGTPLTFGAGTKLELKRADAAPTVSIFPPSSEHRSI	TCRASENIYSYLAWY	VYNAKTLAEGV	YCQHHYGTPLTFG	XXXXXXXXYXYXXXXXXNXXXXXXXXXXXXHYGTXXXXX	processed_data/PDB_structures/RepBuilder/Sample_seq/000004.pdb
5	IGKV4-53	IGKJ2	CTCCAGCAATCATGGCTGCATCTCCAGGGGAGAAGGTCACCATCACCTGCAGTGTCAGCTCAAGTATAAGTTCCAGCAACTTGCACTGGTACCAGCAGAAGTCAGAAACCTCCCCCAAACCCTGGATTTATGGCACATCCAACCTGGCTTCTGGAGTCCCTGTTCGCTTCAGTGGCAGTGGATCTGGGACCTCTTATTCTCTCACAATCAGCAGCATGGAGGCTGAAGATGCTGCCACTTATTACTGTCAACAGTGGAGTAGTTACCCACTCACGTTCGGAGGGGGGACCAAGCTGGAAATAAAACGGGCTGATGCTGCACCAACTGTATCCATCTTCCCACCATCCAGTGAGCATCGATCGCATA	PAIMAASPGEKVTITCSVSSSISSSNLHWYQQKSETSPKPWIYGTSNLASGVPVRFSGSGSGTSYSLTISSMEAEDAATYYCQQWSSYPLTFGGGTKLEIKRADAAPTVSIFPPSSEHRSH	TCSVSSSISSSNLHWY	IYGTSNLASGV	YCQQWSSYPLTFG	XXXXXXXXSSXNXXXXXXXXXXXXXXXXXXXWSSYXXXXX	processed_data/PDB_structures/RepBuilder/Sample_seq/000005.pdb
6	IGKV12-44	IGKJ2	CAGCCTCCCTATCTGCTTCTGTGGGAGAGTCTGTCACCATCACATGTCGAGCAAGTGAGAATATTTACAGTTATTTAGCATGGTATCAGCAGAGACAGGGAAAATCTCCTCAGCTCCTGGTCTATAATGCAAAAGCCTTAGCAGAAGGTGTGCCATCAAGGTTCAGTGGCAGTGGATCAGGCACACAGTTTTCTCTGAAGATCAACAGCCTGCAGCCTGAAGATTTTGGGAGTTATTACTGTCAACGTCATTATGTTACTCCGTACACGTTCGGAGGGGGGACCAAGCTGGAAGTAAAACGGGCTGATGCTGCACCAACTGTATCCATCTTCTCACCATCCAGTGAGCATCGATCGAAAT	ASLSASVGESVTITCRASENIYSYLAWYQQRQGKSPQLLVYNAKALAEGVPSRFSGSGSGTQFSLKINSLQPEDFGSYYCQRHYVTPYTFGGGTKLEVKRADAAPTVSIFSPSSEHRSK	TCRASENIYSYLAWY	VYNAKALAEGV	YCQRHYVTPYTFG	XXXXXXXXYXYXXXXXXNXXXXXXXXXXXXHYVTXYXXX	processed_data/PDB_structures/RepBuilder/Sample_seq/000006.pdb
7	IGKV10-96	IGKJ2	CCCTGTCTGCCTCTCTGGGAGACAGAGTCACCATCAGTTGCAGGGCAAGTCAGGACATTAGCAATTATTTAAACTGGTATCAGCAGAAACCAGATGGAACTGTTAAACTCCTGATCTACTACACATCAAGATTACACTCAGGAGTCCCATCAAGGTTCAGTGGCAGTGGGTCTGGAACAGATTATTCTCTCACCATTAGCAACCTGGAGCAAGAAGATATTGCCACTTACTTTTGCCAACAGGGTAATACGCTTCCTCCCACGTTCGGAGGGGGGACCAAGCTGGAAATAAAACGGGCTGATGCTGCACCAACTGTATCCATCTTCCCACCATCCAGTGAGCATCGATCGTACA	LSASLGDRVTISCRASQDISNYLNWYQQKPDGTVKLLIYYTSRLHSGVPSRFSGSGSGTDYSLTISNLEQEDIATYFCQQGNTLPPTFGGGTKLEIKRADAAPTVSIFPPSSEHRSY	SCRASQDISNYLNWY	IYYTSRLHSGV	FCQQGNTLPPTFG	XXXXXXXXSXYXXXXXXYXXRXXXXXXXXXGNTLXXXXX	processed_data/PDB_structures/RepBuilder/Sample_seq/000007.pdb
8	IGKV10-94	IGKJ1	CCCTGTCTGCCTCTCTGGGAGACAGAGTCACCATCAGTTGCAGTGCAAGTCAGGGCATTAGCAATTATTTAAACTGGTATCAGCAGAAACCAGATGGAACTATTAAACTCCTGATCTATTACACATCAAGTTTACACTCAGGAGTCCCATCAAGGTTCAGTGGCAGTGGGTCTGGGACAGATTATTCTCTCACCATCAGCAACCTGGAACCTGAAGATATTGCCACTTACTATTGTCAGCAGTATAGTAAGCTTCCGTGGACGTTCGGTGGAGGCACCAAGCTGGAAATCAAACGGGCTGATGCTGCACCAACTGTATCCATCTTCCCACCATCCAGTGAGCATCGATCGAAAA	LSASLGDRVTISCSASQGISNYLNWYQQKPDGTIKLLIYYTSSLHSGVPSRFSGSGSGTDYSLTISNLEPEDIATYYCQQYSKLPWTFGGGTKLEIKRADAAPTVSIFPPSSEHRSK	SCSASQGISNYLNWY	IYYTSSLHSGV	YCQQYSKLPWTFG	XXXXXXXXSXYXXXXXYYXXXXXXXXXXXXYSKLXWXXX	processed_data/PDB_structures/RepBuilder/Sample_seq/000008.pdb
9	IGKV10-96	IGKJ1	CCCTGTCTGCCTCTCTGGGAGACAGAGTCACCATCAGTTGCAGGGCAAGTCAGGACATTAGCAATTATTTAAACTGGTATCAGCAGAAACCAGATGGAACTGTTAAACTCCTGATCTACTACACATCAAGATTACACTCAGGAGTCCCATCAAGGTTCAGTGGCAGTGGGTCTGGAACAGATTATTCTCTCACCATTAGCAACCTGGAGCAAGAAGATATTGCCACTTACTTTTGCCAACAGGGTAATACGCTTTGGACGTTCGGTGGAGGCACCAAGCTGGAAATCAAACGGGCTGATGCTGCACCAACTGTATCCATCTTCCCACCATCCAGTGAGCATCGATCGGAAA	LSASLGDRVTISCRASQDISNYLNWYQQKPDGTVKLLIYYTSRLHSGVPSRFSGSGSGTDYSLTISNLEQEDIATYFCQQGNTLWTFGGGTKLEIKRADAAPTVSIFPPSSEHRSE	SCRASQDISNYLNWY	IYYTSRLHSGV	FCQQGNTLWTFG	XXXXXXXXSXYXXXXXXYXXRXXXXXXXXXGNTXWXXX	processed_data/PDB_structures/RepBuilder/Sample_seq/000009.pdb
10	IGKV6-23	IGKJ5	TCCACATCAGTAGGAGACAGGGTCAGCATCACCTGCAAGGCCAGTCAGGATGTGGGTACTGCTGTAGCCTGGTATCAACAGAAACCAGGGCAATCTCCTAAACTACTGATTTACTGGGCATCCACCCGGCACACTGGAGTCCCTGATCGCTTCACAGGCAGTGGATCTGGGACAGATTTCACTCTCACCATTAGCAATGTGCAGTCTGAAGACTTGGCAGATTATTTCTGTCAGCAATATAGCAGCTATCCGCTCACGTTCGGTGCTGGGACCAAGCTGGAGCTGAAACGGGCTGATGCTGCACCAACTGTATCCATCTTCCCACCATCCAGTGAGCATCGATCGATGA	STSVGDRVSITCKASQDVGTAVAWYQQKPGQSPKLLIYWASTRHTGVPDRFTGSGSGTDFTLTISNVQSEDLADYFCQQYSSYPLTFGAGTKLELKRADAAPTVSIFPPSSEHRSM	TCKASQDVGTAVAWY	IYWASTRHTGV	FCQQYSSYPLTFG	XXXXXXXXGTAXXXXXXXXXXXXXXXXXXXYSSYXXXXX	processed_data/PDB_structures/RepBuilder/Sample_seq/000010.pdb
11	IGKV6-17	IGKJ1	TCCACATCAGTAGGAGACAGGGTCAGCATCACCTGCAAGGCCAGTCAGGATGTGAGTACTGCTGTAGCCTGGTATCAACAAAAACCAGGGCAATCTCCTAAACTACTGATTTACTGGGCATCCACCCGGCACACTGGAGTCCCTGATCGCTTCACAGGCAGTGGATCTGGGACAGATTATACTCTCACCATCAGCAGTGTGCAGGCTGAAGACCTGGCACTTTATTACTGTCAGCAACATTATAGCACTCCGTGGACGTTCGGTGGAGGCACCAAGCTGGAAATCAAACGGGCTGATGCTGCACCAACTGTATCCATCTTCCCACCATCCAGTGAGCATCGATCGACGA	STSVGDRVSITCKASQDVSTAVAWYQQKPGQSPKLLIYWASTRHTGVPDRFTGSGSGTDYTLTISSVQAEDLALYYCQQHYSTPWTFGGGTKLEIKRADAAPTVSIFPPSSEHRST	TCKASQDVSTAVAWY	IYWASTRHTGV	YCQQHYSTPWTFG	XXXXXXXXSTAXXXXXXXXXXXXXXXXXXXHYSTXWXXX	processed_data/PDB_structures/RepBuilder/Sample_seq/000011.pdb
12	IGKV10-96	IGKJ1	CCCTGTCTGCCTCTCTGGGAGACAGAGTCACCATCAGTTGCAGGTCAAGTCAGGACATTAGCAATTATTTAAACTGGTATCAGCAGAAACCAGATGGAACTGTTAAACTCCTGATCTACTACACATCAAGATTACACTCAGGAGTCCCATCAAGGTTCAGTGGCAGTGGGTCTGGAACAGATTATTCTCTCACCATTAGCAACCTGGAGCAAGAAGATATTGCCACTTACTTTTGCCAACAGGGTAATACGCTTCCGTGGACGTTCGGTGGAGGCACCAAGCTGGAAATCAAACGGGCTGATGCTGCACCAACTGTATCCATCTTCCCACCATCCAGTGAGCATCGATCGTAAA	LSASLGDRVTISCRSSQDISNYLNWYQQKPDGTVKLLIYYTSRLHSGVPSRFSGSGSGTDYSLTISNLEQEDIATYFCQQGNTLPWTFGGGTKLEIKRADAAPTVSIFPPSSEHRS	SCRSSQDISNYLNWY	IYYTSRLHSGV	FCQQGNTLPWTFG	XXXXXXXXSXYXXXXXXYXXRXXXXXXXXXGNTLXWXXX	processed_data/PDB_structures/RepBuilder/Sample_seq/000012.pdb
13	IGKV12-44	IGKJ1	CAGCCTCCCTATCTGCATCTGTGGGAGAAACTGTCACCATCACATGTCGAGCAAGTGAGAATATTTACAGTTATTTAGCATGGTATCAGCAGAAACAGGGAAAATCTCCTCAGCTCCTGGTCTATAATGCAAAAACCTTAGCAGAAGGTGTGCCATCAAGGTTCAGTGGCAGTGGATCAGGCACACAGTTTTCTCTGAAGATCAACAGCCTGCAGCCTGAAGATTTTGGGAGTTATTACTGTCAACATCATTATGGTACTCCTCGGACGTTCGGTGGAGGCACCAAGCTGGAAATCAAACGGGCTGATGCTGCACCAACTGTATCCATCTTCCCACCATCCAGTGAGCATCGATCGAAAT	ASLSASVGETVTITCRASENIYSYLAWYQQKQGKSPQLLVYNAKTLAEGVPSRFSGSGSGTQFSLKINSLQPEDFGSYYCQHHYGTPRTFGGGTKLEIKRADAAPTVSIFPPSSEHRSK	TCRASENIYSYLAWY	VYNAKTLAEGV	YCQHHYGTPRTFG	XXXXXXXXYXYXXXXXXNXXXXXXXXXXXXHYGTXRXXX	processed_data/PDB_structures/RepBuilder/Sample_seq/000013.pdb
14	IGKV6-23	IGKJ5	TCCACATCAGTAGGAGACAGGGTCAGCATCACCTGCAAGGCCAGTCAGGATGTGGGTACTGCTGTAGCCTGGTATCAACAGAAACCAGGGCAATCTCCTAAACTACTGATTTACTGGGCATCCACCCGGCACACTGGAGTCCCTGATCGCTTCACAGGCAGTGGATCTGGGACAGATTTCACTCTCACCATTAGCAATGTGCAGTCTGAAGACTTGGCAGATTATTTCTGTCAGCAATATAGCAGCTATCCCACGTTCGGTGCTGGGACCAAGCTGGAGCTGAAACGGGCTGATGCTGCACCAACTGTATCCATCTTCCCACCATCCAGTGAGCATCGATCGAAGA	STSVGDRVSITCKASQDVGTAVAWYQQKPGQSPKLLIYWASTRHTGVPDRFTGSGSGTDFTLTISNVQSEDLADYFCQQYSSYPTFGAGTKLELKRADAAPTVSIFPPSSEHRSK	TCKASQDVGTAVAWY	IYWASTRHTGV	FCQQYSSYPTFG	XXXXXXXXGTAXXXXXXXXXXXXXXXXXXXYSSYXXXX	processed_data/PDB_structures/RepBuilder/Sample_seq/000014.pdb
15	IGKV10-94	IGKJ1	CCCTGTCTGCCTCTCTGGGAGACAGAGTCACCATCAGTTGCAGGGCAAGTGAGGACATTAGCACTTATTTAAACTGGTATCAGCAGAAACCAGATGGAACTGTTAAACTCCTGATCTATTACACATCAGGATTACACTCAGGAGTCCCATCAAGGTTCAGTGGCAGTGGGTCTGGGGCAGATTATTCTCTCACCATCAGCAACCTGGAACCTGAAGATATTGCCACTTACTATTGTCAGCAGTATAGTAAGCTTCCGTGGACGTTCGGTGGAGGCACCAAGCTGGAAATCAAACGGGCTGATGCTGCACCAACTGTATCCATCTTCCCACCATCCCAGTGAGCATCGATCGTTCA	LSASLGDRVTISCRASEDISTYLNWYQQKPDGTVKLLIYYTSGLHSGVPSRFSGSGSGADYSLTISNLEPEDIATYYCQQYSKLPWTFGGGTKLEIKRADAAPTVSIFPPSQ*ASIV	SCRASEDISTYLNWY	IYYTSGLHSGV	YCQQYSKLPWTFG	XXXXXXXXSXYXXXXXYYXXXXXXXXXXXXYSKLXWXXX	processed_data/PDB_structures/RepBuilder/Sample_seq/000015.pdb
16	IGKV6-23	IGKJ5	TCCACCTCAGTAGGAGACAGGGTCAGCATCACCTGCAAGGCCAGTCAGGATGTGGGTTATTCTGTAGCCTGGTATCAACAGAGACCAGGGCAATCTCCTAAGCTACTGATTTACTGGGCATCCACCCGGCACACTGGAGTCCCTGATCGCTTCACAGGCAGTGGATCTGGGACAGATTTCACTCTCACCATTACCAATGTGCAGTCTGAAGACTTGGCAGATTATTTCTGTCAGCAATATAGGAACTATCCTCTCACGTTCGGTGGTGGGACCAAGCTGGAGCTGAAACGGGCTGATGCTGCACCAACTGTATCCATCTTCCCACCATCCAGTGAGCATCGATCGAATC	STSVGDRVSITCKASQDVGYSVAWYQQRPGQSPKLLIYWASTRHTGVPDRFTGSGSGTDFTLTITNVQSEDLADYFCQQYRNYPLTFGGGTKLELKRADAAPTVSIFPPSSEHRSN	TCKASQDVGYSVAWY	IYWASTRHTGV	FCQQYRNYPLTFG	XXXXXXXXGYSXXXXXXXXXXXXXXXXXXXYRNYXXXXX	processed_data/PDB_structures/RepBuilder/Sample_seq/000016.pdb
17	IGKV4-59	IGKJ5	CTCCAGCAATCATGTCTGCATCTCCAGGGGAGAAGGTCACCATGACCTGCAGTGCCAGCTCAAGTGTAAGTTACATGTACTGGTACCAGCAGAAGCCAAGATCCTCCCCCAAACCCTGGATTTATCTCACATCCAACCTGGCTTCTGGAGTCCCTGCTCGCTTCAGTGGCAGTGGGTCTGGGACCTCTTACTCTCTCACAATCAGCAGCATGGAGGCTGAAGATGCTGCCACTTATTACTGCCAGCAGTGGAGTAGTAACCCACTCACGTTCGGTGCTGGGACCAAGCTGGAGCTGAAACGGGCTGATGCTGCACCAACTGTATCCATCTTCCCACCATCCAGTGAGCATCGATCGAAAA	PAIMSASPGEKVTMTCSASSSVSYMYWYQQKPRSSPKPWIYLTSNLASGVPARFSGSGSGTSYSLTISSMEAEDAATYYCQQWSSNPLTFGAGTKLELKRADAAPTVSIFPPSSEHRSK	TCSASSSVSYMYWY	IYLTSNLASGV	YCQQWSSNPLTFG	XXXXXXXXXYXYXXXYLXXXXXXXXXXXXWSSNXXXXX	processed_data/PDB_structures/RepBuilder/Sample_seq/000017.pdb
18	IGKV4-53	IGKJ5	CTCCAGCAATCATGGCTGCATCTCCAGGGGAGAAGGTCACCATCACCTGCAGTGTCAGCTCAAGTATAAGTTCCAGCAACTTGCACTGGTACCAGCAGAAGTCAGAAACCTCCCCCAAACCCTGGATTTATGGCACATCCAACCTGGCTTCTGGAGTCCCTGTTCGCTTCAGTGGCAGTGGATCTGGGACCTCTTATTCTCTCACAATCAGCAGCATGGAGGCTGAAGATGCTGCCACTTATTACTGTCAACAGTGGAGTAGTTACCCACTCACGTTCGGTGCTGGGACCAAGCTGGAGCTGAAACGGGCTGATGCTGCACCAACTGTATCCATCTTCCCACCATCCAGTGAGCATCGATCGTAGG	PAIMAASPGEKVTITCSVSSSISSSNLHWYQQKSETSPKPWIYGTSNLASGVPVRFSGSGSGTSYSLTISSMEAEDAATYYCQQWSSYPLTFGAGTKLELKRADAAPTVSIFPPSSEHRS	TCSVSSSISSSNLHWY	IYGTSNLASGV	YCQQWSSYPLTFG	XXXXXXXXSSXNXXXXXXXXXXXXXXXXXXXWSSYXXXXX	processed_data/PDB_structures/RepBuilder/Sample_seq/000018.pdb
19	IGKV6-17	IGKJ4	TCCACATCAGTAGAGACAGGGTCAGCATCACCTGCAAGGCCAGTCAGGATGTGAGTACTGCTGTAGCCTGGTATCAACAAAAACCAGGGCAATCTCCTAAACTACTGATTTACTGGGCATCCACCCGGCACACTGGAGTCCCTGATCGCTTCACAGGCAGTGGATCTGGGACAGATTATACTCTCACCATCAGCAGTGTGCAGGCTGAAGACCTGGCACTTTATTACTGTCAGCAACATTATAGCACTCCATTCACGTTCGGCTCGGGGACAAAGTTGGAAATAAAACGGGCTGATGCTGCACCAACTGTATCCATCTTCCCACCATCCAGTGAGCATCGATCGTAAA	HISRDRVSITCKASQDVSTAVAWYQQKPGQSPKLLIYWASTRHTGVPDRFTGSGSGTDYTLTISSVQAEDLALYYCQQHYSTPFTFGSGTKLEIKRADAAPTVSIFPPSSEHRS	TCKASQDVSTAVAWY	IYWASTRHTGV	YCQQHYSTPFTFG	XXXXXXXXSTAXXXXXXXXXXXXXXXXXXXHYSTXFXXX	processed_data/PDB_structures/RepBuilder/Sample_seq/000019.pdb
20	IGKV4-90	IGKJ4	CTCCAGCAATCATGTCTGCATCTCCAGGGGAGAAGGTCACCATAACCTGCAGTGCCAGCTCAAGTGTAAGTTACATGCACTGGTTCCAGCAGAAGCCAGGCACTTCTCCCAAACTCTGGATTTATAGCACATCCAACCTGGCTTCTGGAGTCCCTGCTCGCTTCAGTGGCAGTGGATCTGGGACCTCTTACTCTCTCACAATCAGCCGAATGGAGGCTGAAGATGCTGCCACTTATTACTGCCAGCAAAGGAGTAGTTACCCATTCACGTTCGGCTCGGGGACAAAGTTGGAAATAAAACGGGCTGATGCTGCACCAACTGTATCCATCTTCCCACCATCCAGTGAGCATCGATCGAACA	PAIMSASPGEKVTITCSASSSVSYMHWFQQKPGTSPKLWIYSTSNLASGVPARFSGSGSGTSYSLTISRMEAEDAATYYCQQRSSYPFTFGSGTKLEIKRADAAPTVSIFPPSSEHRSN	TCSASSSVSYMHWF	IYSTSNLASGV	YCQQRSSYPFTFG	XXXXXXXXXYXHXXXXXXXXXXXXXXXXXRSSYXFXXX	processed_data/PDB_structures/RepBuilder/Sample_seq/000020.pdb
21	IGKV6-23	IGKJ2	TCCACATCAGTAGGAGACAGGGTCAGCATCACCTGCAAGGCCAGTCAGGATGTGGGTACTGCTGTAGCCTGGTATCAACAGAAACCAGGGCAATCTCCTAAACTACTGATTTACTGGGCATCCACCCGGCACACTGGAGTCCCTGATCGCTTCACAGGCAGTGGATCTGGGACAGATTTCACTCTCACCATTAGCAATGTGCAGTCTGAAGACTTGGCAGATTATTTCTGTCAGCAATATAGCAGCTATCCGTACACGTTCGGAGGGGGGACCAAGCTGGAAATAAAACGGGCTGATGCTGCACCAACTGTATCCATCTTCCCACCATCCAGTGAGCATCGATCGTAAA	STSVGDRVSITCKASQDVGTAVAWYQQKPGQSPKLLIYWASTRHTGVPDRFTGSGSGTDFTLTISNVQSEDLADYFCQQYSSYPYTFGGGTKLEIKRADAAPTVSIFPPSSEHRS	TCKASQDVGTAVAWY	IYWASTRHTGV	FCQQYSSYPYTFG	XXXXXXXXGTAXXXXXXXXXXXXXXXXXXXYSSYXYXXX	processed_data/PDB_structures/RepBuilder/Sample_seq/000021.pdb
22	IGKV1-110	IGKJ1	CTCCACTCTCCCTGCCTGTCAGTCTTGGAGATCAAGCCTCCATCTCTTGCAGATCTAGTCAGAGCCTTGTACACAGTAATGGAAACACCTATTTACATTGGTACCTGCAGAAGCCAGGCCAGTCTCCAAAGCTCCTGATCTACAAAGTTTCCAACCGATTTTCTGGGGTCCCAGACAGGTTCAGTGGCAGTGGATCAGGGACAGATTTCACACTCAAGATCAGCAGAGTGGAGGCTGAGGATCTGGGAGTTTATTTCTGCTCTCAAAGTACACATGTTCCGTGGACGTTCGGTGGAGGCACCAAGCTGGAAATCAAACGGGCTGATGCTGCACCAACTGTATCCATCTTCCCACCATCCAGTGAGCATCGATCGAATA	PLSLPVSLGDQASISCRSSQSLVHSNGNTYLHWYLQKPGQSPKLLIYKVSNRFSGVPDRFSGSGSGTDFTLKISRVEAEDLGVYFCSQSTHVPWTFGGGTKLEIKRADAAPTVSIFPPSSEHRSN	ISCRSSQSLVHSNGNTYLHW	LIYKVSNRFSG	YFCSQSTHVPWTFG	XXXXXXXXXXXXXXXXYXXXXXYXVSNRFXXXXCXQSXHVXWXXX	processed_data/PDB_structures/RepBuilder/Sample_seq/000022.pdb
23	IGKV10-96	IGKJ1	CCCTGTCTGCCTCTCTGGGAGACAGAGTCACCATCAGTTGCAGGGCAAGTCAGGACATTAGCAATTATTTAAACTGGTATCAGCAGAAACCAGATGGAACTGTTAAACTCCTGATCTACTACACATCAAGATTACACTCAGGAGTCCCATCAAGGTTCAGTGGCAGTGGGTCTGGAACAGATTATTCTCTCACCATTAGCAACCTGGAGCAAGAAGATATTGCCACTTACTTTTGCCAACAGGGTAATACGCTTCCTCGGACGTTCGGTGGAGGCACCAAGCTGGAAATCAAACGGGCTGATGCTGCACCAACTGTATCCATCTTCCCACCATCCAGTGAGCATCGATCGAAAA	LSASLGDRVTISCRASQDISNYLNWYQQKPDGTVKLLIYYTSRLHSGVPSRFSGSGSGTDYSLTISNLEQEDIATYFCQQGNTLPRTFGGGTKLEIKRADAAPTVSIFPPSSEHRSK	SCRASQDISNYLNWY	IYYTSRLHSGV	FCQQGNTLPRTFG	XXXXXXXXSXYXXXXXXYXXRXXXXXXXXXGNTLXRXXX	processed_data/PDB_structures/RepBuilder/Sample_seq/000023.pdb
24	IGKV3-4	IGKJ2	GCTGTGTCTCTAGGGCAGAGGGCCACCATCTCCTGCAAGGCCAGCCAAAGTGTTGATTATGATGGTGATAGTTATATGAACTGGTACCAACAGAAACCAGGACAGCCACCCAAACTCCTCATCTATGCTGCATCCAATCTAGAATCTGGGATCCCAGCCAGGTTTAGTGGCAGTGGGTCTGGGACAGACTTCACCCTCAACATCCATCCTGTGGAGGAGGAGGATGCTGCAACCTATTACTGTCAGCAAAGTAATGAGGATCCGTACACGTTCGGAGGGGGGACCAAGCTGGAAATAAAACGGGCTGATGCTGCACCAACTGTATCCATCTTCCCACCATCCAGTGAGCATCGATCGAGAA	AVSLGQRATISCKASQSVDYDGDSYMNWYQQKPGQPPKLLIYAASNLESGIPARFSGSGSGTDFTLNIHPVEEEDAATYYCQQSNEDPYTFGGGTKLEIKRADAAPTVSIFPPSSEHRSR	SCKASQSVDYDGDSYMNWY	IYAASNLESGI	YCQQSNEDPYTFG	XXXXXXXXXYDGDXYXXXXXXXXXXXXXXXXXXXSNEDXYXXX	processed_data/PDB_structures/RepBuilder/Sample_seq/000024.pdb
25	IGKV6-17	IGKJ4	TCCACATCAGTAGGAGACAGGGTCAGCGTCACCTGCAAGGCCAGTCAGGATGTGGGTACTGCTGTAGCCTGGTATCAACAGAAACCAGGGCAATCTCCTAAACTACTGATTTACTCGGCATCCTACCGGTACACTGGAGTCCCTGATCGCTTCACTGGCAGTGGATCTGGGACGGATTTCACTTTCACCATCAGCAGTGTGCAGGCTGAAGACCTGGCAGTTTATTACTGTCAGCAACATTATAATACTCCATTCACGTTCGGCTCGGGGACAAAGTTGGAAATAAAACGGGCTGATGCTGCACCAACTGTATCCATCTTCCCACCATCCAGTGAGCATCGATCGTGAA	STSVGDRVSVTCKASQDVGTAVAWYQQKPGQSPKLLIYSASYRYTGVPDRFTGSGSGTDFTFTISSVQAEDLAVYYCQQHYNTPFTFGSGTKLEIKRADAAPTVSIFPPSSEHRS	TCKASQDVGTAVAWY	IYSASYRYTGV	YCQQHYNTPFTFG	XXXXXXXXGTAXXXXXXXXXYXXXXXXXXXHYNTXFXXX	processed_data/PDB_structures/RepBuilder/Sample_seq/000025.pdb
26	IGKV10-94	IGKJ1	CCCTGTCTGCCTCTCTGGGAGACAGAGTCACCATCAGTTGCAGGGCAAGTGAGGACATTAGCACTTATTTAAACTGGTATCAGCAGAAACCAGATGGAACTGTTAAACTCCTGATCTATTACACATCAGGATTACACTCAGGAGTCCCATCAAGGTTCAGTGGCAGTGGGTCTGGGGCAGATTATTCTCTCACCATCAGCAACCTGGAACCTGAAGATATTGCCACTTACTATTGTCAGCAGTATAGTAAGCTTCCGTGGACGTTCGGTGGAGGCACCAAGCTGGAAATCAAACGGGCTGATGCTGCACCAACTGTATCCATCTTCCCACCATCCAGTGAGCATCGATCGTACT	LSASLGDRVTISCRASEDISTYLNWYQQKPDGTVKLLIYYTSGLHSGVPSRFSGSGSGADYSLTISNLEPEDIATYYCQQYSKLPWTFGGGTKLEIKRADAAPTVSIFPPSSEHRSY	SCRASEDISTYLNWY	IYYTSGLHSGV	YCQQYSKLPWTFG	XXXXXXXXSXYXXXXXYYXXXXXXXXXXXXYSKLXWXXX	processed_data/PDB_structures/RepBuilder/Sample_seq/000026.pdb
27	IGKV3-4	IGKJ1	GCTGTGTCTCTAGGGCAGAGGGCCACCATCTCCTGCAAGGCCAGCCAAAGTGTTGATTATGATGGTGATAGTTATATGAACTGGTACCAACAGAAACCAGGACAGCCACCCAAACTCCTCATCTATGCTGCATCCAATCTAGAATCTGGGATCCCAGCCAGGTTTAGTGGCAGTGGGTCTGGGACAGACTTCACCCTCAACATCCATCCTGTGGAGGAGGAGGATGCTGCAACCTATTACTGTCAGCAAAGTAATGAGGATCCGTGGACGTTCGGTGGAGGCACCAAGCTGGAAATCAAACGGGCTGATGCTGCACCAACTGTATCCATCTTCCCACCATCCAGTGAGCATCGATCGTAAT	AVSLGQRATISCKASQSVDYDGDSYMNWYQQKPGQPPKLLIYAASNLESGIPARFSGSGSGTDFTLNIHPVEEEDAATYYCQQSNEDPWTFGGGTKLEIKRADAAPTVSIFPPSSEHRS	SCKASQSVDYDGDSYMNWY	IYAASNLESGI	YCQQSNEDPWTFG	XXXXXXXXXYDGDXYXXXXXXXXXXXXXXXXXXXSNEDXWXXX	processed_data/PDB_structures/RepBuilder/Sample_seq/000027.pdb
28	IGKV10-96	IGKJ1	CCCTGTCTGCCTCTCTGGGAGACAGAGTCACCATCAGTTGCAGGGCAAGTCAGGACATTAGCAATTATTTAAACTGGTATCAGCAGAAACCAGATGGAACTGTTAAACTCCTGATCTACTACACATCAAGATTACACTCAGGAGTCCCATCAAGGTTCAGTGGCAGTGGGTCTGGAACAGATTATTCTCTCACCATTAGCAACCTGGAGCAAGAAGATATTGCCACTTACTTTTGCCAACAGGGTAATACGCTTCCTCGGACGTTCGGTGGAGGCACCAAGCTGGAAATCAAACGGGCTGATGCTGCACCAACTGTATCCATCTTCCCACCATCCAGTGAGCATCGATCGTTAT	LSASLGDRVTISCRASQDISNYLNWYQQKPDGTVKLLIYYTSRLHSGVPSRFSGSGSGTDYSLTISNLEQEDIATYFCQQGNTLPRTFGGGTKLEIKRADAAPTVSIFPPSSEHRSL	SCRASQDISNYLNWY	IYYTSRLHSGV	FCQQGNTLPRTFG	XXXXXXXXSXYXXXXXXYXXRXXXXXXXXXGNTLXRXXX	processed_data/PDB_structures/RepBuilder/Sample_seq/000028.pdb
29	IGKV6-17	IGKJ1	TCCACATCAGTAGGAGACAGGGTCAGCATCACCTGCAAGGCCAGTCAGGATGTGAGTACTGCTGTAGCCTGGTATCAACAGAAACCAGGACAATCTCCTAAACTACTGATTTACTCGGCATCCTACCGGTACACTGGAGTCCCTGATCGCTTCACTGGCAGTGGATCTGGGACGGATTCCACTTTCACCATCAGCAGTGTGCAGGCTGAAGACCTGGCAGTTTATTACTGTCAGCAACATTATAGTACTCCGTGGACGTTCGGTGGAGGCACCAAGCTGGAAATCAAACGGGCTGATGCTGCACCAACTGTATCCATCTTCCCACCATCCAGTGAGCATCGATCGTGAC	STSVGDRVSITCKASQDVSTAVAWYQQKPGQSPKLLIYSASYRYTGVPDRFTGSGSGTDSTFTISSVQAEDLAVYYCQQHYSTPWTFGGGTKLEIKRADAAPTVSIFPPSSEHRS	TCKASQDVSTAVAWY	IYSASYRYTGV	YCQQHYSTPWTFG	XXXXXXXXSTAXXXXXXXXXYXXXXXXXXXHYSTXWXXX	processed_data/PDB_structures/RepBuilder/Sample_seq/000029.pdb
30	IGKV4-59	IGKJ5	CTCCAGCAATCATGTCTGCATCTCCAGGGGAGCAGGTCACCATGACCTGCAGTGCCAGCTCAAGTGTAAATTACATGCACTGGTACCAGCAGAAGTCAGGCACCTCCCCCACAAGATGGATTTATGACACATCCAAACTGGCTTCCGGAGTCCCTGCTCGCTTCAGTGGCAGTGGGTCTGGGACCTCTTACTCTCTCACAATCAGCAGCATGGAGGCTGAAGATGCTGCCACTTATTACTGCCAGCAGTGGAGTAGTAACCCGCTCACGTTCGGTGCTGGGACCAAGCTGGAGCTGAAACGGGCTGATGCTGCACCAACTGTATCCATCTTCCCACCATCCAGTGAGCATCGATCGGGAA	PAIMSASPGEQVTMTCSASSSVNYMHWYQQKSGTSPTRWIYDTSKLASGVPARFSGSGSGTSYSLTISSMEAEDAATYYCQQWSSNPLTFGAGTKLELKRADAAPTVSIFPPSSEHRSG	TCSASSSVNYMHWY	IYDTSKLASGV	YCQQWSSNPLTFG	XXXXXXXXXYXXXXXXDXXXXXXXXXXXXWSSNXXXXX	processed_data/PDB_structures/RepBuilder/Sample_seq/000030.pdb
31	IGKV1-110	IGKJ1	CTCCACTCTCCCTGCCTGTCAGTCTTGGAGATCATGCCTCCATCTCTTGCAGATCTAGTCAGAGCCTTGTACACTTTAATGGAAACACCTATTTACATTGGTACCTGCAGAAGCCAGGCCAGTCTCCAAAGCTCCTGATCTACAAAGTTTCCACCCGATTTTTTGGGGTCCCAGACAGGTTCAGTGGCAGTGGATCAGGGACAGATTTCACACTCAAGATCAGCATAGTGGAGGCTGAGGATCTGGGAGTTTATTTATGCTCTCAAAGTACACATGTTCCGGCGTTCGGTGGAGGCACCAAGCTGGAAATCAAACGGGCTGATGCTGCACAAACTGTAACCATCTTCCCACCATCCAGTGAGCATCGATCGATAA	PLSLPVSLGDHASISCRSSQSLVHFNGNTYLHWYLQKPGQSPKLLIYKVSTRFFGVPDRFSGSGSGTDFTLKISIVEAEDLGVYLCSQSTHVPAFGGGTKLEIKRADAAQTVTIFPPSSEHRSI	SCRSSQSLVHFNGNTYLHWY	IYKVSTRFFGV	LCSQSTHVPAFG	XXXXXXXXXHFNXNXYXXXXXYKXXXXXXXXXXXXSTHXXXXX	processed_data/PDB_structures/RepBuilder/Sample_seq/000031.pdb
32	IGKV4-59	IGKJ5	CTCCAGCAATCATGTCTGCATCTCCAGGGGAGAAGGTCACCATGACCTGCAGTGCCAGCTCAAGTGTAAGTTACATGCACTGGTACCAGCAGAAGTCAGGCGCCTCCCCCAAAAGATGGATTTATGACACATCCAAACTGGCTTCTGGAGTCCCTGCTCGCTTCAGTGGCAGTGGGTCTGGGACCTCTTACTCTCTCACAATCAGCAGCATGGAGGCTGAAGATGCTGCCACTTATTACTGCCAGCAGTGGAGTAGTAACCCGCTCACGTTCGGTGCTGGGACCAAGCTGGAGCTGAAACGGGCTGATGCTGCACCAACTGTATCCATCTTCCCACCATCCAGTGAGCATCGATCGATGA	PAIMSASPGEKVTMTCSASSSVSYMHWYQQKSGASPKRWIYDTSKLASGVPARFSGSGSGTSYSLTISSMEAEDAATYYCQQWSSNPLTFGAGTKLELKRADAAPTVSIFPPSSEHRSM	TCSASSSVSYMHWY	IYDTSKLASGV	YCQQWSSNPLTFG	XXXXXXXXXYXXXXXXDXXXXXXXXXXXXWSSNXXXXX	processed_data/PDB_structures/RepBuilder/Sample_seq/000032.pdb
33	IGKV6-17	IGKJ2	TCCACCTCAGTAGGAGACAGGGTCAGCATCACCTGCAAGGCCAGTCAGGATGTGAGTACTGCTGTAGCCTGGTATCAACAGAAACCAGGACAATCTCCTAAACTACTGATTTACTCGGCATCCTACCGGTACACTGGAGTCCCTGATCGCTTCACTGGCAGTGGATCTGGGACGGATTTCACTTTCACCATCAGCAGTGTGCAGGCTGAAGACCTGGCAGTTTATTACTGTCAGCAACATTATAGTACTCCGTACACGTTCGGAGGGGGGACCAAGCTGGAAATAAAACGGGCTGATGCTGCACCAACTGTATCCATCTTCCCACCATCCAGTGAGCATCGATCGTAAC	STSVGDRVSITCKASQDVSTAVAWYQQKPGQSPKLLIYSASYRYTGVPDRFTGSGSGTDFTFTISSVQAEDLAVYYCQQHYSTPYTFGGGTKLEIKRADAAPTVSIFPPSSEHRS	TCKASQDVSTAVAWY	IYSASYRYTGV	YCQQHYSTPYTFG	XXXXXXXXSTAXXXXXXXXXYXXXXXXXXXHYSTXYXXX	processed_data/PDB_structures/RepBuilder/Sample_seq/000033.pdb
34	IGKV3-4	IGKJ1	GCTGTGTCTCTAGGGCAGAGGGCCACCATCTCCTGCAAGGCCAGCCAAAGTGTTGATTATGATGGTGATAGTTATATGAACTGGTACCAACAGAAACCAGGACAGCCACCCAAACTCCTCATCTATGCTGCATCCAATCTAGAATCTGGGATCCCAGCCAGGTTTAGTGGCAGTGGGTCTGGGACAGACTTCACCCTCAACATCCATCCTGTGGAGGAGGAGGATGCTGCAACCTATTACTGTCAGCAAAGTAATGAGGATCCGTGGACGTTCGGTGGAGGCACCAAGCTGGAAATCAAACGGGCTGATGCTGCACCAACTGTATCCATCTTCCCACCATCCAGTGAGCATCGATCGCGAT	AVSLGQRATISCKASQSVDYDGDSYMNWYQQKPGQPPKLLIYAASNLESGIPARFSGSGSGTDFTLNIHPVEEEDAATYYCQQSNEDPWTFGGGTKLEIKRADAAPTVSIFPPSSEHRSR	SCKASQSVDYDGDSYMNWY	IYAASNLESGI	YCQQSNEDPWTFG	XXXXXXXXXYDGDXYXXXXXXXXXXXXXXXXXXXSNEDXWXXX	processed_data/PDB_structures/RepBuilder/Sample_seq/000034.pdb
35	IGKV4-59	IGKJ2	CTCCAGCAATCATGTCTGCATCTCCAGGGGAGAAGGTCACCATGACCTGCAGTGCCAGCTCAAGTGTAAGTTACATGTAATGGTTCCAGCAGAAGCCAGGATCCTCCCCCAAACTCTGGATTTATAGCATATCCAACCTGGCTTCTGGAGTCCCTGCTCGCTTCAGTGGCAGTGGGTCTGGGACCTCTTATTCTCTCACAATCAGCAGCGTGAAGGCTGAAGATGCTGCCACTTATTACTGCCAGCAGTGGAGTAGTTCCCCACCCACGTTCGGAGGGGGGACCAAGCTGGAAATAAAACGGGCTGATGCTGCACCAACTGTATCCATCTTCCCACCATCCAGTGAGCATCGATCGATAA	PAIMSASPGEKVTMTCSASSSVSYM*WFQQKPGSSPKLWIYSISNLASGVPARFSGSGSGTSYSLTISSVKAEDAATYYCQQWSSSPPTFGGGTKLEIKRADAAPTVSIFPPSSEHRSI	TCSASSSVSYMWF	IYSISNLASGV	YCQQWSSSPPTFG	XXXXXXXXXYMXXXYXXXNXXXXXXXXXWSSSXXXXX	processed_data/PDB_structures/RepBuilder/Sample_seq/000035.pdb
36	IGKV10-94	IGKJ2	CCCTGTCTGCCTCTCTGGGAGACAGAGTCACCATCAGTTGCAGTGCAAGTCAGGGCATTAGCAATTATTTAAACTGGTATCAGCAGAAACCAGATGGAACTGTTAAACTCCTGATCTATTACACATCAAGTTTACACTCAGGAGTCCCATCAAGGTTCAGTGGCAGTGGGTCTGGGACAGATTATTCTCTCACCATCAGCAACCTGGAACCTGAAGATATTGCCACTTACTATTGTCAGCAGTATAGTAAGCTTCCGTACACGTTCGGAGGGGGGACCAAGCTGGAAATAAAACGGGCTGATGCTGCACCAACTGTATCCATCTTCCCACCATCCAGTGAGCATCGATCGATTA	LSASLGDRVTISCSASQGISNYLNWYQQKPDGTVKLLIYYTSSLHSGVPSRFSGSGSGTDYSLTISNLEPEDIATYYCQQYSKLPYTFGGGTKLEIKRADAAPTVSIFPPSSEHRSI	SCSASQGISNYLNWY	IYYTSSLHSGV	YCQQYSKLPYTFG	XXXXXXXXSXYXXXXXYYXXXXXXXXXXXXYSKLXYXXX	processed_data/PDB_structures/RepBuilder/Sample_seq/000036.pdb
37	IGKV6-23	IGKJ4	TCCACATCAGTAGGAGACAGGGTCAGCATCACCTGCAAGGCCAGTCAGGATGTGGGTACTGCTGTAGCCTGGTATCAACAGAAACCAGGGCAATCTCCTAAACTACTGATTTACTGGGCATCCACCCGGCACACTGGAGTCCCTGATCGCTTCACAGGCAGTGGATCTGGGACAGATTTCACTCTCACCATTAGCAATGTGCAGTCTGAAGACTTGGCAGATTATTTCTGTCAGCAATATAGCAGCTATCCATTCACGTTCGGCTCGGGGACAAAGTTGGAAATAAAACGGGCTGATGCTGCACCAACTGTATCCATCTTCCCACCATCCAGTGAGCATCGATCGAGAA	STSVGDRVSITCKASQDVGTAVAWYQQKPGQSPKLLIYWASTRHTGVPDRFTGSGSGTDFTLTISNVQSEDLADYFCQQYSSYPFTFGSGTKLEIKRADAAPTVSIFPPSSEHRSR	TCKASQDVGTAVAWY	IYWASTRHTGV	FCQQYSSYPFTFG	XXXXXXXXGTAXXXXXXXXXXXXXXXXXXXYSSYXFXXX	processed_data/PDB_structures/RepBuilder/Sample_seq/000037.pdb
38	IGKV6-32	IGKJ2	GTATCAGCAGGAGACAGGGTTACCATAACCTGCAAGGCCAGTCAGAGTGTGAGTAATGATGTAGCTTGGTACCAACAGAAGCCAGGGCAGTCTCCTAAACTGCTGATATACTATGCATCCAATCGCTACACTGGAGTCCCTGATCGCTTCACTGGCAGTGGATATGGGACGGATTTCACTTTCAACATCAGCACTGTGCAGGCTGAAGACCTGGCAGTTTATTTCTGTCAGCAGGATTATAGCTCTCCGTACACGTTCGGAGGGGGGACCAAGCTGGAAATAAAACGGGCTGATGCTGTACCAACTGTATCCATCTTCCCACCATCCAGTGAGCCATCGATCGGTAC	VSAGDRVTITCKASQSVSNDVAWYQQKPGQSPKLLIYYASNRYTGVPDRFTGSGYGTDFTFNISTVQAEDLAVYFCQQDYSSPYTFGGGTKLEIKRADAVPTVSIFPPSSEPSIG	TCKASQSVSNDVAWY	IYYASNRYTGV	FCQQDYSSPYTFG	XXXXXXXXSNDXXXXXXYXXXXXXXXXXXXDYSSXYXXX	processed_data/PDB_structures/RepBuilder/Sample_seq/000038.pdb
39	IGKV4-59	IGKJ5	CTCCAGCAATCATGTCTGCATCTCCAGGGGAGAAGGTCACAATGACTTGCAGGGCCAGCTCAAGTGTAAGTTACATGCACTGGTACCAGCAGAAGCCAGGATCCTCCCCCAAACCCTGGATTTATGCCACATCCAACCTGGCTTCTGGAGTCCCTGCTCGCTTCAGTGGCAGTGGGTCTGGGACCTCTTACTCTCTCACAATCAGCAGAGTGGAGGCTGAAGATGCTGCCACTTATTACTGCCAGCAGTGGAGTAGTAACCCGCTCACGTTCGGTGCTGGGACCAAGCTGGAGCTGAAACGGGCTGATGCTGCACCAACTGTATCCATCTTCCCACCATCCAGTGAGCATCGATCGCTTA	PAIMSASPGEKVTMTCRASSSVSYMHWYQQKPGSSPKPWIYATSNLASGVPARFSGSGSGTSYSLTISRVEAEDAATYYCQQWSSNPLTFGAGTKLELKRADAAPTVSIFPPSSEHRSL	TCRASSSVSYMHWY	IYATSNLASGV	YCQQWSSNPLTFG	XXXXXXXXXYXXXXXXXXXXXXXXXXXXXWSSNXXXXX	processed_data/PDB_structures/RepBuilder/Sample_seq/000039.pdb
40	IGKV3-2	IGKJ1	GCTGTGTCTCTAGGGCAGAGGGCCACCATCTCCTGCAGAGCCAGCGAAAGTGTTGATAATTATGGCATTAGTTTTATGAACTGGTTCCAACAGAAACCAGGACAGCCACCCAAACTCCTCATCTATGCTGCATCCAACCAAGGATCCGGGGTCCCTGCCAGGTTTAGTGGCAGTGGGTCTGGGACAGACTTCAGCCTCAACATCCATCCTATGGAGGAGGATGATACTGCAATGTATTTCTGTCAGCAAAGTAAGGAGGTTCCGTGGACGTTCGGTGGAGGCACCAAGCTGGAAATCAAACGGGCTGATGCTGCACCAACTGTATCCATCTTCCCACCATCCAGTGAGCATCGATCGATAT	AVSLGQRATISCRASESVDNYGISFMNWFQQKPGQPPKLLIYAASNQGSGVPARFSGSGSGTDFSLNIHPMEEDDTAMYFCQQSKEVPWTFGGGTKLEIKRADAAPTVSIFPPSSEHRSI	SCRASESVDNYGISFMNWF	IYAASNQGSGV	FCQQSKEVPWTFG	XXXXXXXXXNYGIXFXXXXXXXXXXXXXXXXXXXSKEVXWXXX	processed_data/PDB_structures/RepBuilder/Sample_seq/000040.pdb
41	IGKV6-32	IGKJ5	GTATCAGCAGGAGACAGGGTTACCATAACCTGCAAGGCCAGTCAGAGTGTGAGTAATGATGTAGCTTGGTACCAACAGAAGCCAGGGCAGTCTCCTAAACTGCTGATATACTAAGCATCCAATCGCTACACTGGAGTCCCTGATCGCTTCACTGGCAGTGGATATGGGACGGATTTCACTTTCACCATCAGCACTGTGCAGGCTGAAGACCTGGCAGTTTATTTCTGTCAGCAGGATTATAGCTCTCCGCTCACGTTCGGTGCTGGGACCAAGCTGGAGCTGAAACGGGCTGATGCTGCACCAACTGTATCCATCTTCCCACCATCCAGTGAGCATCGATCGGATA	VSAGDRVTITCKASQSVSNDVAWYQQKPGQSPKLLIY*ASNRYTGVPDRFTGSGYGTDFTFTISTVQAEDLAVYFCQQDYSSPLTFGAGTKLELKRADAAPTVSIFPPSSEHRSD	TCKASQSVSNDVAWY	IYASNRYTGV	FCQQDYSSPLTFG	XXXXXXXXSNDXXXXXXXXXRXXXXXXXXDYSSXXXXX	processed_data/PDB_structures/RepBuilder/Sample_seq/000041.pdb
42	IGKV10-96	IGKJ4	CCCTGTCTGCCTCTCTGGGAGACAGAGTCACCATCAGTTGCAGGGCAAGTCAGGACATTAGCAATTATTTAAACTGGTATCAGCAGAAACCAGATGGAACTGTTAAACTCCTGATCTACTACACATCAAGATTACACTCAGGAGTCCCATCAAGGTTCAATGGCAGTGGGTCTGGAACAGATTATTCTCTCACCATTAGCAACCTGGAGCAAGAAGATATTGCCACTTACTTTTGCCAACAGGGTAATACGCTTCCATTCACGTTCGGCTCGGGGACAAAGTTGGAAATAAAACGGGCTGATGCTGCACCAACTGTATCCATCTTCCCACCATCCAGTGAGCATCGATCGATAA	LSASLGDRVTISCRASQDISNYLNWYQQKPDGTVKLLIYYTSRLHSGVPSRFNGSGSGTDYSLTISNLEQEDIATYFCQQGNTLPFTFGSGTKLEIKRADAAPTVSIFPPSSEHRSI	SCRASQDISNYLNWY	IYYTSRLHSGV	FCQQGNTLPFTFG	XXXXXXXXSXYXXXXXXYXXRXXXXXXXXXGNTLXFXXX	processed_data/PDB_structures/RepBuilder/Sample_seq/000042.pdb
43	IGKV4-72	IGKJ5	GCTCCAGCAATCATGTCTGCATCTCCAGGGGAGAAGGTCACAATGACTTGCAGGGTCACCTCAAGTGTGAAATATGTGCACTGGTACCAGCAGAAGCCAGGATCCTCCCCCAAACCCTGGATTTTTGCCACGTTCGTTCTGGCTTCTGGAGTCCCTACTCGCTTCAGTGGCAGTGGGTCTGGGACCTCTTACTCTCTCACAATCAGCAGAGTGGAGACTGAAGATGCTGCCACTTATTACTGCCAGCAGTGGAGTGGTAACCCACCCACGTTCGGTGCTGGGACCAAACTGGAGCTGAAACGGGCTGATGCTGCACCAACTGTATCCATCTTCCCACCATCCAGTGAGCATCGATCGAAAA	APAIMSASPGEKVTMTCRVTSSVKYVHWYQQKPGSSPKPWIFATFVLASGVPTRFSGSGSGTSYSLTISRVETEDAATYYCQQWSGNPPTFGAGTKLELKRADAAPTVSIFPPSSEHRSK	TCRVTSSVKYVHWY	IFATFVLASGV	YCQQWSGNPPTFG	XXXXXXXXXYXXXXXFAXXVXXXXXXXXXWSGNXXXXX	processed_data/PDB_structures/RepBuilder/Sample_seq/000043.pdb
44	IGKV5-39	IGKJ5	CCAGCCACCCTGTCTGTGACTCCAGGAGATAGAGTCTCTCTTTCCTGCAGGGCCAGCCAGAGTATTAGCGACTACTTACACTGGTATCAACAAAAATCACATGAGTCTCCAAGGCTTCTCATCAAATATGCTTCCCAATCCATCTCTGGGATCCCCTCCAGGTTCAGTGGCAGTGGATCAGGGTCAGATTTCACTCTCAGTATCAACAGTGTGGAACCTGAAGATGTTGGAGTGTATTACTGTCAAAATGGTCACAGCTTTCCGCTCACGTTCGGTGCTGGGACCAAGCTGGAGCTGAAACGGGCTGATGCTGCACCAACTGTATCCATCTTCCCACCATCCAGTGAGCATCGATCGCAGA	PATLSVTPGDRVSLSCRASQSISDYLHWYQQKSHESPRLLIKYASQSISGIPSRFSGSGSGSDFTLSINSVEPEDVGVYYCQNGHSFPLTFGAGTKLELKRADAAPTVSIFPPSSEHRSQ	SCRASQSISDYLHWY	IKYASQSISGI	YCQNGHSFPLTFG	XXXXXXXXSXYXXXXXXYXXXXXXXXXXXXGHSFXXXXX	processed_data/PDB_structures/RepBuilder/Sample_seq/000044.pdb
45	IGKV6-15	IGKJ5	TCCACATCAGTAGGAGACAGGGTCAGCGTCACCTGCAAGGCCAGTCAGAATGTGGGTACTAATGTAGCCTGGTATCAACAGAAACCAGGGCAATCTCCTAAAGCACTGATTTACTCGGCATCCTACCGGTACAGTGGAGTCCCTGATCGCTTCACAGGCAGTGGATCTGGGACAGATTTCACTCTCACCATCAGCAATGTGCAGTCTGAAGACTTGGCAGAGTATTTCTGTCAGCAATATAACAGCTATCCTCTCACGTTCGGTGCTGGGACCAAGCTGGAGCTGAAACGGGCTGATGCTGCACCAACTGTATCCATCTTCCCACCATCCAGTGAGCATCGATCGAAAC	STSVGDRVSVTCKASQNVGTNVAWYQQKPGQSPKALIYSASYRYSGVPDRFTGSGSGTDFTLTISNVQSEDLAEYFCQQYNSYPLTFGAGTKLELKRADAAPTVSIFPPSSEHRSK	TCKASQNVGTNVAWY	IYSASYRYSGV	FCQQYNSYPLTFG	XXXXXXXXGTNXXXXXXXXXYXXXXXXXXXYNSYXXXXX	processed_data/PDB_structures/RepBuilder/Sample_seq/000045.pdb
46	IGKV6-32	IGKJ5	GTATCAGCAAGGAGACAGGGTTACCATAACCTGCAAGGCCAGTCAGAGTGTGAGTAATGATGTAGCTTGGTACCAACAGAAGCCAGGGCAGTCTCCTAAACTGCTGATATACTATGCATCCAATCGCTACACTGGAGTCCCTGATCGCTTCACTGGCAGTGGATATGGGACGGATTTCACTTTCACCATCAGCACTGTGCAGGCTGAAGACCTGGCAGTTTATTTCTGTCAGCAGGATTATAGCTCTCCCACGTTCGGTGCTGGGACCAAGCTGGAGCTGAAACGGGCTGATGCTGCACCAACTGTATCCATCTTCCCACCATCCAGTGAGCATCGATCGAAAC	YQQGDRVTITCKASQSVSNDVAWYQQKPGQSPKLLIYYASNRYTGVPDRFTGSGYGTDFTFTISTVQAEDLAVYFCQQDYSSPTFGAGTKLELKRADAAPTVSIFPPSSEHRSK	TCKASQSVSNDVAWY	IYYASNRYTGV	FCQQDYSSPTFG	XXXXXXXXSNDXXXXXXYXXXXXXXXXXXXDYSXXXXX	processed_data/PDB_structures/RepBuilder/Sample_seq/000046.pdb
47	IGKV4-59	IGKJ5	CTCCAGCAATCATGTCTGCATCTCCAGGGGAGAAGGTCACCATGACCTGCAGTGCCAGCTCAAGTGTAAGTTACATGTACTGGTACCAGCAGAAGCCAAGATCCTCCCCCAAACCCTGGATTTATCTCACATCCAACCTGGCTTCTGGAGTCCCTGCTCGCTTCAGTGGCAGTGGGTCTGGGACCTCTTACTCTCTCACAATCAGCAGCATGGAGGCTGAAGATGCTGCCACTTATTACTGCCAGCAGTGGAGTAGTAACCCGCTCACGTTCGGTGCTGGGACCAAGCTGGAGCTGAAACGGGCTGATGCTGCACCAACTGTATCCATCTTCCCACCATCCAGTGAGCATCGATCGAATA	PAIMSASPGEKVTMTCSASSSVSYMYWYQQKPRSSPKPWIYLTSNLASGVPARFSGSGSGTSYSLTISSMEAEDAATYYCQQWSSNPLTFGAGTKLELKRADAAPTVSIFPPSSEHRSN	TCSASSSVSYMYWY	IYLTSNLASGV	YCQQWSSNPLTFG	XXXXXXXXXYXYXXXYLXXXXXXXXXXXXWSSNXXXXX	processed_data/PDB_structures/RepBuilder/Sample_seq/000047.pdb
48	IGKV6-23	IGKJ1	TCCACATCAGTAGGAGACAGGGTCAGCATCACCTGCAAGGCCAGTCAGGATGTGGGTACTGCTGTAGCCTGGTATCAACAGAAATCAGGGCAATCTCCTAAACTACTGATTTACTGGGCATCCACCCGGCACACTGGAGTCCCTGATCGCTTCACAGGCAGTGGATCTGGGACAGATTTCACTCTCACCATTAGCAATGTGCAGTCTGAAGACTTGGCAGATTATTTCTGTCAGCAATATAGCAGCTATCCGACGTTCGGTGGAGGCACCAAGCTGGAAATCAAACGGGCTGATGCTGCACCAACTGTATCCATCTTCCCACCATCCAGTGAGCATCGATCGAAAA	STSVGDRVSITCKASQDVGTAVAWYQQKSGQSPKLLIYWASTRHTGVPDRFTGSGSGTDFTLTISNVQSEDLADYFCQQYSSYPTFGGGTKLEIKRADAAPTVSIFPPSSEHRSK	TCKASQDVGTAVAWY	IYWASTRHTGV	FCQQYSSYPTFG	XXXXXXXXGTAXXXXXXXXXXXXXXXXXXXYSSYXXXX	processed_data/PDB_structures/RepBuilder/Sample_seq/000048.pdb
49	IGKV6-17	IGKJ1	TCCACATCAGTAGGAGACAGGGTCAGCATCACCTGCAAGGCCAGTCAGGATGTGAGTACTGCTGTAGCCTGGTATCAACAGAAACCAGGACAATCTCCTAAACTACTGATTTACTCGGCATCCTACCGGTACACTGGAGTCCCTGATCGCTTCACTGGCAGTGGATCTGGGACGGATTTCACTTTCACCATCAGCAGTGTGCAGGCTGAAGACCTGGCAGTTTATTACTGTCAGCAACATTATAGTACTCCCACGTGGACGTTCGGTGGAGGCACCAAGCTGGAAATCAAACGGGCTGATGCTGCACCAACTGTATCCATCTTCCCACCATCCAGTGAGCATCGATCGAGAA	STSVGDRVSITCKASQDVSTAVAWYQQKPGQSPKLLIYSASYRYTGVPDRFTGSGSGTDFTFTISSVQAEDLAVYYCQQHYSTPTWTFGGGTKLEIKRADAAPTVSIFPPSSEHRSR	TCKASQDVSTAVAWY	IYSASYRYTGV	YCQQHYSTPTWTFG	XXXXXXXXSTAXXXXXXXXXYXXXXXXXXXHYSTXXXXXX	processed_data/PDB_structures/RepBuilder/Sample_seq/000049.pdb
50	IGKV6-17	IGKJ5	TCCACATCAGTAGGAGACAGGGTCAGCATCACCTGCAAGGCCAGTCAGGATGTGAGTACTGCTGTAGCCTGGTATCAACAGAAACCAGGACAATCTCCTAAACTACTGATTTACTCGGCATCCTACCGGTACACTGGAGTCCCTGATCGCTTCACTGGCAGTGGATCTGGGACGGATTTCACTTTCACCATCAGCAGTGTGCAGGCTGAAGACCTGGCAGTTTATTACTGTCAGCAACATTATAGTACTCCGCTCACGTTCGGTGCTGGGACCAAGCTGGAGCTGAAACGGGCTGATGCTGCACCAACTGTATCCATCTTCCCCCCATCCAGTGAGCATCGATCGAAAA	STSVGDRVSITCKASQDVSTAVAWYQQKPGQSPKLLIYSASYRYTGVPDRFTGSGSGTDFTFTISSVQAEDLAVYYCQQHYSTPLTFGAGTKLELKRADAAPTVSIFPPSSEHRSK	TCKASQDVSTAVAWY	IYSASYRYTGV	YCQQHYSTPLTFG	XXXXXXXXSTAXXXXXXXXXYXXXXXXXXXHYSTXXXXX	processed_data/PDB_structures/RepBuilder/Sample_seq/000050.pdb
51	IGKV4-59	IGKJ5	CTCCAGCAATCATGTCTGCATCTCCAGGGGAGAAGGTCACAATGACTTGCAGGGCCAGCTCAAGTGTAAGTTACATGCACTGGTACCAGCAGAAGCCAGGATCCTCCCCCAAACCCTGGATTTATGCCACATCCAACCTGGCTTCTGGAGTCCCTGCTCGCTTCAGTGGCAGTGGGTCTGGGACCTCTTACTCTCTCACAATCAGCAGAGTGGAGGCTGAAGATGCTGCCACTTATTACTGCCAGCAGTGGAGTAGTAACCCGCTCACGTTCGGTGCTGGGACCAAGCTGGAGCTGAAACGGGCTGATGCTGCACCAACTGTATCCATCTTCCCACCATCCAGTGAGCATCGATCGCTTA	PAIMSASPGEKVTMTCRASSSVSYMHWYQQKPGSSPKPWIYATSNLASGVPARFSGSGSGTSYSLTISRVEAEDAATYYCQQWSSNPLTFGAGTKLELKRADAAPTVSIFPPSSEHRSL	TCRASSSVSYMHWY	IYATSNLASGV	YCQQWSSNPLTFG	XXXXXXXXXYXXXXXXXXXXXXXXXXXXXWSSNXXXXX	processed_data/PDB_structures/RepBuilder/Sample_seq/000051.pdb
52	IGKV4-59	IGKJ5	CTCCAGCAATCATGGCTGCATCTCCAGGGGAGAAGGTCACCATGACCTGCAGTGCCAGCTCAGGTGTAAGTTACATGCACTGGTACCAGCAGAAGTCAGGCACCTCCCCCAAAAGATGGATTTATGACACATCCAAACTGGCTTCTGGAGTCCCTGCTCGCTTCAGTGGCAGTGGGTCTGGGACCTCTTACTCTCTCACAATCAGCAGCATGGAGGCTGAAGATGCTGCCACTTATTACTGCCAGCAGTGGAGTAGTAACCCACCCACGTTCGGTGCTGGGACCAAGCTGGAGCTGAAACGGGCTGATGCTGCACCAACTGTATCCATCTTCCCACCATCCAGTGAGCATCGATCGAAAA	PAIMAASPGEKVTMTCSASSGVSYMHWYQQKSGTSPKRWIYDTSKLASGVPARFSGSGSGTSYSLTISSMEAEDAATYYCQQWSSNPPTFGAGTKLELKRADAAPTVSIFPPSSEHRSK	TCSASSGVSYMHWY	IYDTSKLASGV	YCQQWSSNPPTFG	XXXXXXXXXYXXXXXXDXXXXXXXXXXXXWSSNXXXXX	processed_data/PDB_structures/RepBuilder/Sample_seq/000052.pdb
53	IGKV1-110	IGKJ1	CTCCACTCTCCCTGCCTGTCAGACTTGGAGATCAAGCCTCCATCTCTTGCAGATCTAGTCAGAGCCTTGTACACAGTCATGGAGACACCTATTTACATTGGTACCTGCAGAAGCCAGGCCGGTCTCCAAAGCTCCTGATCTACAAAGTTTCCAACCGATTTTCTGGGGTCCCAGACAGGTTCAGTGGCAGTGGATCAGGGACAGATTTCACACTCAAGATCAGCAGAGTGGAGGCTGAGGATCTGGGAGTTTATTTCTGCTCTCAAAGTACACATGTTCCGTGGACGTTCGGTGGAGGCACCAAGCTGGAAATCAAACGGGCTGATGCTGCACCAACTGTATCCATCTTCCCACCATCCAGTGAGCATCGATCGTATA	PLSLPVRLGDQASISCRSSQSLVHSHGDTYLHWYLQKPGRSPKLLIYKVSNRFSGVPDRFSGSGSGTDFTLKISRVEAEDLGVYFCSQSTHVPWTFGGGTKLEIKRADAAPTVSIFPPSSEHRSY	ISCRSSQSLVHSHGDTYLHW	LIYKVSNRFSG	YFCSQSTHVPWTFG	XXXXXXXXXXXXXXXXYXXXXXYXVSNRFXXXXCXQSXHVXWXXX	processed_data/PDB_structures/RepBuilder/Sample_seq/000053.pdb
54	IGKV6-17	IGKJ1	TCCACATCAGTAGGAGACAGGGTCAGCATCACCTGCAAGGCCAGTCAGGATGTGAGTACTGCTGTAGCCTGGTATCAACAGAAACCAGGACAATCTCCTAAACTACTGATTTACTCGGCATCCTACCGGTACACTGGAGTCCCTGATCGCTTCACTGGCAGTGGATCTGGGACGGATTTCACTTTCACCATCAGCAGTGTGCAGGCTGAAGACCTGGCAGTTTATTACTGTCAGCAACATTATAGTACTCCTCGGACGTTCGGTGGAGGCACCAAGCTGGAAATCAAACGGGCTGATGCTGCACCAACTGTATCCATCTTCCCACCATCCAGTGAGCATCGATCGCAGT	STSVGDRVSITCKASQDVSTAVAWYQQKPGQSPKLLIYSASYRYTGVPDRFTGSGSGTDFTFTISSVQAEDLAVYYCQQHYSTPRTFGGGTKLEIKRADAAPTVSIFPPSSEHRSQ	TCKASQDVSTAVAWY	IYSASYRYTGV	YCQQHYSTPRTFG	XXXXXXXXSTAXXXXXXXXXYXXXXXXXXXHYSTXRXXX	processed_data/PDB_structures/RepBuilder/Sample_seq/000054.pdb
55	IGKV4-59	IGKJ4	CTCCAGCAATCATGTCTGCATCTCCAGGGGAGAAGGTCACCATGACCTGCAGTGCCAGCTCAAGTGTAAGTTACATGCACTGGTACCAGCAGAAGTCAGGCACCTCCCCCAAAAGATGGATTTATGACACATCCAAACTGGCTTCTGGAGTCCCTGCTCGCTTCAGTGGCAGTGGGTCTGGGACCTCTTACTCTCTCACAATCAGCAGCATGGAGGCTGAAGATGCTGCCACTTATTACTGCCAGCAGTGGAGTAGTAACCCATTCACGTTCGGCTCGGGGACAAAGTTGGAAATAAAACGGGCTGATGCTGCACCAACTGTATCCATCTTCCCACCATCCAGTGAGCATCGATCGAAAA	PAIMSASPGEKVTMTCSASSSVSYMHWYQQKSGTSPKRWIYDTSKLASGVPARFSGSGSGTSYSLTISSMEAEDAATYYCQQWSSNPFTFGSGTKLEIKRADAAPTVSIFPPSSEHRSK	TCSASSSVSYMHWY	IYDTSKLASGV	YCQQWSSNPFTFG	XXXXXXXXXYXXXXXXDXXXXXXXXXXXXWSSNXFXXX	processed_data/PDB_structures/RepBuilder/Sample_seq/000055.pdb
56	IGKV6-15	IGKJ1	TCCACATCAGTAGGAGACAGGGTCAGCGTCACCTGCAAGGCCAGTCAGAATATGGGTACTAATGTAGCCTGGTATCAACAGAAACCAGGGCAATCTCCTAAAGCACTGATTTACTCGGCATCCTACCGGTACAGTGGAGTCCCTGATCGCTTCACAGGCAGTGGATCTGGGACAGATTTCACTCTCACCATCAGCAATGTGCAGTCTGAAGACTTGGCAGAGTATTTCTGTCAGCAATATAACAGCTATCCTCTGACGTTCGGTGGAGGCACCAAGCTGGAAATCAAACGGGCTGATGCTGCACCAACTGTATCCATCTTCCCACCATCCAGTGAGCATCGATCGAGAA	STSVGDRVSVTCKASQNMGTNVAWYQQKPGQSPKALIYSASYRYSGVPDRFTGSGSGTDFTLTISNVQSEDLAEYFCQQYNSYPLTFGGGTKLEIKRADAAPTVSIFPPSSEHRSR	TCKASQNMGTNVAWY	IYSASYRYSGV	FCQQYNSYPLTFG	XXXXXXXMGTNXXXXXXXXXYXXXXXXXXXYNSYXXXXX	processed_data/PDB_structures/RepBuilder/Sample_seq/000056.pdb
57	IGKV3-10	IGKJ5	GCTGTGTCTCTAGGGCAGAGGGCCACCATATCCTGCAGAGCCAGTGAAAGTGTTGATAGTTATGGCAATAGTTTTATGCACTGGTACCAGCAGAAACCAGGACAGCCACCCAAACTCCTCATCTATCTTGCATCCAACCTAGAATCTGGGGTCCCTGCCAGGTTCAGTGGCAGTGGGTCTAGGACAGACTTCACCCTCACCATTGATCCTGTGGAGGCTGATGATGCTGCAACCTATTACTGTCAGCAAAATAATGAGGATCCGCTCACGTTCGGTGCTGGGACCAAGCTGGAGCTGAAACGGGCTGATGCTGCACCAACTGTATCCATCTTCCCACCATCCAGTGAGCATCGATCGAGAT	AVSLGQRATISCRASESVDSYGNSFMHWYQQKPGQPPKLLIYLASNLESGVPARFSGSGSRTDFTLTIDPVEADDAATYYCQQNNEDPLTFGAGTKLELKRADAAPTVSIFPPSSEHRSR	SCRASESVDSYGNSFMHWY	IYLASNLESGV	YCQQNNEDPLTFG	XXXXXXXXXSYGNXFXXXXXYLXXXXXXXXXXXXNNEDXXXXX	processed_data/PDB_structures/RepBuilder/Sample_seq/000057.pdb
58	IGKV3-4	IGKJ2	GCTGTGTCTCTAGGGCAGAGGGCCACCATCTCCTGCAAGGCCAGCCAAAGTGTTGATTATGATGGTGATAGTTATATGAACTGGTATCAACAGAAACCAGGACAGCCACCCAAACTCCTCATCTATGCTGCATCCAATCTAGAATCTGGGATCCCAGCCAGGTTTAGTGGCAGTGGGTCTGGGACAGACTTCACCCTCAACATCCATCCTGTGGAGGAGGAGGATGCTGCAACCTATTACTGTCAGCAAAGTAATGAGGATCCGTACACGTTCGGAGGGGGGACCAAGCTGGAAATAAAACGGGCTGATGCTGCACCAACTGTATCCATCTTCCCACCATCCAGTGAGCATCGATCGAAAC	AVSLGQRATISCKASQSVDYDGDSYMNWYQQKPGQPPKLLIYAASNLESGIPARFSGSGSGTDFTLNIHPVEEEDAATYYCQQSNEDPYTFGGGTKLEIKRADAAPTVSIFPPSSEHRSK	SCKASQSVDYDGDSYMNWY	IYAASNLESGI	YCQQSNEDPYTFG	XXXXXXXXXYDGDXYXXXXXXXXXXXXXXXXXXXSNEDXYXXX	processed_data/PDB_structures/RepBuilder/Sample_seq/000058.pdb
59	IGKV6-23	IGKJ4	TCCACATCAGTAGGAGACAGGGTCAGCATCACCTGCAAGGCCAGTCAGGATGTGGGTACTGCTGTAGCCTGGTATCAACAGAAACCAGGGCAATCTCCTAAACTACTGATTTACTGGGCATCCACCCGGCACACTGGAGTCCCTGATCGCTTCACAGGCAGTGGATCTGGGACAGATTTCACTCTCACCATTAGCAATGTGCAGTCTGAAGACTTGGCAGATTATTTCTGTCAGCAATATAGCAGCTATCCCACGTTCGGCTCGGGGACAAAGTTGGAAATAAAACGGGCTGATGCTGCACCAACTGTATCCATCTTCCCACCATCCAGTGAGCATCGATCGTATG	STSVGDRVSITCKASQDVGTAVAWYQQKPGQSPKLLIYWASTRHTGVPDRFTGSGSGTDFTLTISNVQSEDLADYFCQQYSSYPTFGSGTKLEIKRADAAPTVSIFPPSSEHRSY	TCKASQDVGTAVAWY	IYWASTRHTGV	FCQQYSSYPTFG	XXXXXXXXGTAXXXXXXXXXXXXXXXXXXXYSSYXXXX	processed_data/PDB_structures/RepBuilder/Sample_seq/000059.pdb
60	IGKV6-17	IGKJ1	TCCACATCAGTAGGAGACAGGGTCAGCATCACCTGCAAGGCCAGTCAGGATGTGAGTACTGCTGTAGCCTGGTATCAACAGAAACCAGGACAATCTCCTAAACTACTGATTTACTCGGCATCCTACCGGTACACTGGAGTCCCTGATCGCTTCACTGGCAGTGGATCTGGGACGGATTTCACTTTCACCATCAGCAGTGTGCAGGCTGAAGACCTGGCAGTTTATTACTGTCAGCAACATTATAGTACTCCTCGGACGTTCGGTGGAGGCACCAAGCTGGAAATCAAACGGGCTGATGCTGCACCAACTGTATCCATCTTCCCACCATCCAGTGAGCATCGATCGAAAA	STSVGDRVSITCKASQDVSTAVAWYQQKPGQSPKLLIYSASYRYTGVPDRFTGSGSGTDFTFTISSVQAEDLAVYYCQQHYSTPRTFGGGTKLEIKRADAAPTVSIFPPSSEHRSK	TCKASQDVSTAVAWY	IYSASYRYTGV	YCQQHYSTPRTFG	XXXXXXXXSTAXXXXXXXXXYXXXXXXXXXHYSTXRXXX	processed_data/PDB_structures/RepBuilder/Sample_seq/000060.pdb
61	IGKV10-96	IGKJ1	CCCTGTCTGCCTCTCTGGGAGACAGAGTCACCATCAGTTGCAGGGCAAGTCAGGACATTAGCAATTATTTAAACTGGTATCAGCAGAAACCAGATGGAACTGTTAAACTCCTGATCTACTACACATCAAGATTACACTCAGGAGTCCCATCAAGGTTCAGTGGCAGTGGGTCTGGAACAGATTATTCTCTCACCATTAGCAACCTGGAGCAAGAAGATATTGCCACTTACTTTTGCCAACAGGGTAATACGCTTCCTCGGACGTTCGGTGGAGGCACCAAGCTGGAAATCAAACGGGCTGATGCTGCACCAACTGTATCCATCTTCCCACCATCCAGTGAGCATCGATCGGATA	LSASLGDRVTISCRASQDISNYLNWYQQKPDGTVKLLIYYTSRLHSGVPSRFSGSGSGTDYSLTISNLEQEDIATYFCQQGNTLPRTFGGGTKLEIKRADAAPTVSIFPPSSEHRSD	SCRASQDISNYLNWY	IYYTSRLHSGV	FCQQGNTLPRTFG	XXXXXXXXSXYXXXXXXYXXRXXXXXXXXXGNTLXRXXX	processed_data/PDB_structures/RepBuilder/Sample_seq/000061.pdb
62	IGKV6-17	IGKJ2	TCCACATCAGTAGGAGACAGGGTCAGCATCACCTGCAAGGCCAGTCAGGATGTGAGTACTGCTGTAGCCTGGTATCAACAGAAACCAGGACAATCTCCTAAACTACTGATTTACTCGGCATCCTACCGGTACACTGGAGTCCCTGATCGCTTCACTGGCAGTGGATCTGGGACGGATTTCACTTTCACCATCAGCAGTGTGCAGGCTGAAGACCTGGCAGTTTATTACTGTCAGCAACATTATAGTACTCCGTACACGTTCGGAGGGGGGACCAAGCTGGAAATAAAACGGGCTGATGCTGCACCAACTGTATCCATCTTCCCACCATCCAGTGAGCATCGATCGATTGT	STSVGDRVSITCKASQDVSTAVAWYQQKPGQSPKLLIYSASYRYTGVPDRFTGSGSGTDFTFTISSVQAEDLAVYYCQQHYSTPYTFGGGTKLEIKRADAAPTVSIFPPSSEHRSI	TCKASQDVSTAVAWY	IYSASYRYTGV	YCQQHYSTPYTFG	XXXXXXXXSTAXXXXXXXXXYXXXXXXXXXHYSTXYXXX	processed_data/PDB_structures/RepBuilder/Sample_seq/000062.pdb
63	IGKV10-96	IGKJ5	CCCTGTCTGCCTCTCTGGGAGACAGAGTCACCATCAGTTGCAGGGCAAGTCAGGACATTAGCAATTATTTAAACTGGTATCAGCAGAAACCAGATGGAACTGTTAAACTCCTGATCTACTACACATCAAGATTACACTCAGGAGTCCCATCAAGGTTCAGTGGCAGTGGGTCTGGAACAGATTATTCTCTCACCATTAGCAACCTGGAGCAAGAAGATATTGCCACTTACTTTTGCCAACAGGGTAATACGCTTCCGCTCACGTTCGGTGCTGGGACCAAGCTGGAGCTGAAACGGGCTGATGCTGCACCAACTGTATCCATCTTCCCACCATCCAGTGAGCATCGATCGGATA	LSASLGDRVTISCRASQDISNYLNWYQQKPDGTVKLLIYYTSRLHSGVPSRFSGSGSGTDYSLTISNLEQEDIATYFCQQGNTLPLTFGAGTKLELKRADAAPTVSIFPPSSEHRSD	SCRASQDISNYLNWY	IYYTSRLHSGV	FCQQGNTLPLTFG	XXXXXXXXSXYXXXXXXYXXRXXXXXXXXXGNTLXXXXX	processed_data/PDB_structures/RepBuilder/Sample_seq/000063.pdb
64	IGKV12-44	IGKJ5	CAGCCTCCCTATCTGCATCTGTGGGAGAAACTGTCACCATCACATGTCGAGCAAGTGAGAATATTTACAGTTATTTAGCATGGTATCAGCAGAAACAGGGAAAATCTCCTCAGCTCCTGGTCTATAATGCAAAAACCTTAGCAGAAGGTGTGCCATCAAGGTTCAGTGGCAGTGGATCAGGCACACAGTTTTCTCTGAAGATCAGCAGCCTGCAGCCTGAAGATTTTGGGAGTTATTACTGTCAACATCATTATGGTACTCCGCTCACGTTCGGTGCTGGGACCAAGCTGGAGCTGAAACGGGCTGATGCTGCACCAACTGTATCCATCTTCCCACCATCCAGTGAGCATCGATCGAAAA	ASLSASVGETVTITCRASENIYSYLAWYQQKQGKSPQLLVYNAKTLAEGVPSRFSGSGSGTQFSLKISSLQPEDFGSYYCQHHYGTPLTFGAGTKLELKRADAAPTVSIFPPSSEHRSK	TCRASENIYSYLAWY	VYNAKTLAEGV	YCQHHYGTPLTFG	XXXXXXXXYXYXXXXXXNXXXXXXXXXXXXHYGTXXXXX	processed_data/PDB_structures/RepBuilder/Sample_seq/000064.pdb
65	IGKV4-61	IGKJ4	CTCCAGCAATCATGTCTGCATCTCCAGGGGAGAAGGTCACCATATCCTGCAGTGCCAGCTCAAGTGTAAGTTACATGTACTGGTACCAGCAGAAGCCAGGATCCTCCCCCAAACCCTGGATTTATCGCACATCCAACCTGGCTTCTGGAGTCCCTGCTCGCTTCAGTGGCAGTGGGTCTGGGACCTCTTATTCTCTCACAATCAGCAGCATGGAGGCTGAAGATGCTGCCACTTATTACTGCCATCAGCGGAGTAGTTACCCATTCACGTTCGGCTCGGGGACAAAGTTGGAAATAAAACGGGCTGATGCTGCACCAACTGTATCCATCTTCCCACCATCCAGTGAGCATCGATCGAATA	PAIMSASPGEKVTISCSASSSVSYMYWYQQKPGSSPKPWIYRTSNLASGVPARFSGSGSGTSYSLTISSMEAEDAATYYCHQRSSYPFTFGSGTKLEIKRADAAPTVSIFPPSSEHRSN	SCSASSSVSYMYWY	IYRTSNLASGV	YCHQRSSYPFTFG	XXXXXXXXXYXYXXXXRXXXXXXXXXXXXRSSYXFXXX	processed_data/PDB_structures/RepBuilder/Sample_seq/000065.pdb
66	IGKV10-96	IGKJ2	CCCTGTCTGCCTCTCTGGGAGACAGAGTCACCATCAGTTGCAGGGCAAGTCAGGACATTAGCAATTATTTAAACTGGTATCAGCAGAAACCAGATGGAACTGTTAAACTCCTGATCTACTATATATCAAGATTACACTCAGGAGTCCCATCAAGGTTCAGTGGCAGTGGGTCTGGAACAGATTATTCTCTCACCATTAACAACCTGGAGCAAGAAGATATTGCCACTTACTTTTGCCAACAGGGTAATATGCTTCCCATGTATACGTTCGGAGGGGGGACCAAGCTGGAAATAAAACGGGCTGATGCTGCACCAACTGTATCCATCTTCCCACCATCCAGTGAGCATCGATCGATTA	LSASLGDRVTISCRASQDISNYLNWYQQKPDGTVKLLIYYISRLHSGVPSRFSGSGSGTDYSLTINNLEQEDIATYFCQQGNMLPMYTFGGGTKLEIKRADAAPTVSIFPPSSEHRSI	SCRASQDISNYLNWY	IYYISRLHSGV	FCQQGNMLPMYTFG	XXXXXXXXSXYXXXXXXYXXRXXXXXXXXXGNMLXXXXXX	processed_data/PDB_structures/RepBuilder/Sample_seq/000066.pdb
67	IGKV12-44	IGKJ1	CCCTGTCTGCCTCTCTGGGAGAAACTGTCACCATCACATGTCGAGCAAGTGAGAATATTTACAGTTATTTAGCATGGTATCAGCAGAAACAGGGAAAATCTCCTCAGCTCCTGGTCTATAATGCAAAAACCTCAGCAGAAGGTGTGCCATCAAGGTTCAGTGGCAGTGGATCAGGCACACAGTTTTCTCTGAAGATCAACAGCCTGCAGCCTGAAGATTTTGGGAGTTATTACTGTCAACATCATTATGGTACTCCTCGGACGTTCGGTGGAGGCACCAAGCTGGAAATCAAACGGGCTGATGCTGCACCAACTGTATCCATCTTCCCACCATCCAGTGAGCATCGATCGATTA	LSASLGETVTITCRASENIYSYLAWYQQKQGKSPQLLVYNAKTSAEGVPSRFSGSGSGTQFSLKINSLQPEDFGSYYCQHHYGTPRTFGGGTKLEIKRADAAPTVSIFPPSSEHRSI	TCRASENIYSYLAWY	VYNAKTSAEGV	YCQHHYGTPRTFG	XXXXXXXXYXYXXXXXXXXXXXXXXXXXXXHYGTXRXXX	processed_data/PDB_structures/RepBuilder/Sample_seq/000067.pdb
68	IGKV10-96	IGKJ1	CCCTGTCTGCCTCTCTAGGAGACAGAGTCACCATCAGTTGCAGGGCAAGTCAGGACATTAGCAATTATTTAAACTGGTATCAGCAGAGACCAGATGGAACTGTTAAACTCCTGATCTACTACACATCAAGATTACACTCAGGAGTCCCATCAAGGTTCAGTGGCAGTGGGTCTGGAACAGATTATTCTCTCACCATTAGCAACCTGGAGCAAGAAGATATTGCCACTTACTTTTGCCAACAGGGTAATACGCTTCCTCGGACGTTCGGTGGAGGCACCAAGCTGGAAATCAAACGGGCTGATGCTGCACCAACTGTATCCATCTTCCCACCATCCAGTGAGCATCGATCGATGA	LSASLGDRVTISCRASQDISNYLNWYQQRPDGTVKLLIYYTSRLHSGVPSRFSGSGSGTDYSLTISNLEQEDIATYFCQQGNTLPRTFGGGTKLEIKRADAAPTVSIFPPSSEHRSM	SCRASQDISNYLNWY	IYYTSRLHSGV	FCQQGNTLPRTFG	XXXXXXXXSXYXXXXXXYXXRXXXXXXXXXGNTLXRXXX	processed_data/PDB_structures/RepBuilder/Sample_seq/000068.pdb
69	IGKV6-17	IGKJ2	TCCACATCAGTAGGAGACAGGGTCAGCATCACCTGCAAGGCCAGTCAGGATGTGAGTACTGCTGTAGCCTGGTATCAACAGAAACCAGGACAATCTCCTAAACTACTGATTTACTCGGCATCCTACCGGTACACTGGAGTCCCTGATCGCTTCACTGGCAGTGGATCTGGGACGGATTTCACTTTCACCATCAGCAGTGTGCAGGCTGAAGACCTGGCAGTTTATTACTGTCAGCAACATTATAGTACTCCTCGGACGTTCGGAGGGGGGACCAAGCTGGAAATAAAACGGGCTGATGCTGCACCAACTGTATCCATCTTCCCACCATCCAGTGAGCATCGATCGTATA	STSVGDRVSITCKASQDVSTAVAWYQQKPGQSPKLLIYSASYRYTGVPDRFTGSGSGTDFTFTISSVQAEDLAVYYCQQHYSTPRTFGGGTKLEIKRADAAPTVSIFPPSSEHRSY	TCKASQDVSTAVAWY	IYSASYRYTGV	YCQQHYSTPRTFG	XXXXXXXXSTAXXXXXXXXXYXXXXXXXXXHYSTXRXXX	processed_data/PDB_structures/RepBuilder/Sample_seq/000069.pdb
70	IGKV1-110	IGKJ2	CTCCACTCTCCCTGCCTGTCAGTCTTGGAGATCAAGCCTCCATCTCTTGCAGATCTAGTCAGAGCCTTCTACACAGTAATGGAAACACCTATTTACATTGGTACCTGCAGAAGCCAGGCCAGTCTCCAAAGCTCCTGATCTACAAAGTTTCCAACCGATTTTCTGGGGTCCCAGACAGGTTCAGTGGCAGTGGATCAGGGACAGATTTCACACTCAAGATCAGCAGAGTGGAGGCTGAGGATCTGGGAGTTTATTTCTGCTCTCAAACTACACATGTTCCGTACACGTTCGGAGGGGGGACCAAGCTGGAAATAAAACGGGCTGATGCTGCACCAACTGTATCCATCTTCCCACCATCCAGTGAGCATCGATCGAAAC	PLSLPVSLGDQASISCRSSQSLLHSNGNTYLHWYLQKPGQSPKLLIYKVSNRFSGVPDRFSGSGSGTDFTLKISRVEAEDLGVYFCSQTTHVPYTFGGGTKLEIKRADAAPTVSIFPPSSEHRSK	SCRSSQSLLHSNGNTYLHWY	IYKVSNRFSGV	FCSQTTHVPYTFG	XXXXXXXXXHSNXNXYXXXXXXKXXXXXXXXXXXXTTHVXYXXX	processed_data/PDB_structures/RepBuilder/Sample_seq/000070.pdb
71	IGKV10-96	IGKJ2	CCCTGTCTGCCTCTCTGGGAGACAGAGTCACCATCAGTTGCAGGGCAAGTCAGGACATTAGCAATTATTTAAACTGGTATCAGCAGAAACCAGATGGAACTGTTAAACTCCTGATCTACTACACATCAAGATTACACTCAGGAGTCCCATCAAGGTTCAGTGGCAGTGGGTCTGGAACAGATTATTCTCTCACCATTAGCAACCTGGAGCAAGAAGATATTGCCACTTACTTTTGCCGACAGGGTAATACGCTTCCGTACACGTTCGGAGGGGGGACCAAGCTGGAAATAAAACGGGCTGATGCTGCACCAACTGTATCCATCTTCCCACCATCCAGTGAGCATCGATCGCTGA	LSASLGDRVTISCRASQDISNYLNWYQQKPDGTVKLLIYYTSRLHSGVPSRFSGSGSGTDYSLTISNLEQEDIATYFCRQGNTLPYTFGGGTKLEIKRADAAPTVSIFPPSSEHRSL	SCRASQDISNYLNWY	IYYTSRLHSGV	FCRQGNTLPYTFG	XXXXXXXXSXYXXXXXXYXXRXXXXXXXXXGNTLXYXXX	processed_data/PDB_structures/RepBuilder/Sample_seq/000071.pdb
72	IGKV10-96	IGKJ1	CCCTGTCTGCCTCTCTGGGAGACAGACTCACCATCAGTTGCCGGGCAAGTCAGGACATTAGCAATTATTTAAACTGGTATCAGCAGAAACCAGTTGGAACTGTTAAACTCCTGATCTACTACACATCAAGATTACACTCAGGAGTCCCATCAAGGTTCAGTGGCAGTGGGTCTGGAACAGATTATTCTCTCACCATTAGCAACCTGGAGCAAGAAGATATTGCCACTTACTTTTGCCAACAGGGTAATACGCTTCCGTGGACGTTCGGTGGAGGCACCAAGCTGGAAATCAAACGGGCTGATGCTGCACCAACTGTATCCATCTTCCCACCATCCAGTGAGCATCGATCGATAC	LSASLGDRLTISCRASQDISNYLNWYQQKPVGTVKLLIYYTSRLHSGVPSRFSGSGSGTDYSLTISNLEQEDIATYFCQQGNTLPWTFGGGTKLEIKRADAAPTVSIFPPSSEHRSI	SCRASQDISNYLNWY	IYYTSRLHSGV	FCQQGNTLPWTFG	XXXXXXXXSXYXXXXXXYXXRXXXXXXXXXGNTLXWXXX	processed_data/PDB_structures/RepBuilder/Sample_seq/000072.pdb
73	IGKV4-55	IGKJ1	CTCCAGCAATCATGGCTGCATCTCCAGGGGAGAAGGTCACCATGACCTGCAGTGCCAGCTCAAGTGTAAGTTACATGTACTGGTACCAGCAGAAGCCAGGATCCTCCCCCAGACTCCTGATTTATGACACATCCAACCTGGCTTCTGGAGTCCCTGTTCGCTTCAGTGGCAGTGGGTCTGGGACCTCTTACTCTCTCACAATCAGCCGAATGGAGGCTGAAGATGCTGCCACTTATTACTGCCAGCAGTGGAGTAGTTACCCACGGACGTTCGGTGGAGGCACCAAGCTGGAAATCAAACGGGCTGATGCTGCACCAACTGTATCCATCTTCCCACCATCCAGTGAGCCATCGATCGTTAA	PAIMAASPGEKVTMTCSASSSVSYMYWYQQKPGSSPRLLIYDTSNLASGVPVRFSGSGSGTSYSLTISRMEAEDAATYYCQQWSSYPRTFGGGTKLEIKRADAAPTVSIFPPSSEPSIV	TCSASSSVSYMYWY	IYDTSNLASGV	YCQQWSSYPRTFG	XXXXXXXXXYXYXXXXDXXXXXXXXXXXXWSSYXRXXX	processed_data/PDB_structures/RepBuilder/Sample_seq/000073.pdb
74	IGKV5-43	IGKJ5	CCAGCCACCCTGTCTGTGACTCCCGGAGATAGCGTCAGTCTTTCCTGCACGGCCAGCCACAGTATTAGCAACAACCTACACTGGTATCAACAAAAATCACATGAGTCTCCAAGGCTTCTCATCAAGTATGCTTCCCAGTCCATCTCTGGGATCCCCTCCAGGTTCAGTGGCAGTGGATCAGGGACAGATTTCACTCTCAGTATCAACAGTGTGGAGACTGAAGATTTTGGAATGTATTTCTGTCAACAGAGTAACAGCTGGCCTCTCACGTTCGGTGCTGGGACCAAGCTGGAGCTGAAACGGGCTGATGCTGCACCAACTGTATCCATCTTCCCACCATCCAGTGAGCATCGATCGAATA	PATLSVTPGDSVSLSCTASHSISNNLHWYQQKSHESPRLLIKYASQSISGIPSRFSGSGSGTDFTLSINSVETEDFGMYFCQQSNSWPLTFGAGTKLELKRADAAPTVSIFPPSSEHRSN	SCTASHSISNNLHWY	IKYASQSISGI	FCQQSNSWPLTFG	XXXXXXXXSNNXXXXXXYXXXXXXXXXXXXSNSWXXXXX	processed_data/PDB_structures/RepBuilder/Sample_seq/000074.pdb
75	IGKV6-17	IGKJ5	TCCACATCAGTAGGAGACAGGGTCAGCATCACCTGCAAGGCCAGCCAGGATGTGAGTACTGCTGTAGCCTGGTATCAACAGAAACCAGGACAATCTCCTAAACTACTGATTTACTCGGCATCCTACCGGTACACTGGAGTCCCTGATCGCTTCACTGGCAGTGGATCTGGGACGGATTTCACTTTCACCATCAGCAGTGTGCAGGCTGAAGACCTGGCAGTTTATTACTGTCAGCAACATTATAGTACTCCGCTCACGTTCGGTGCTGGGACCAAGCTGGAGCTGAAACGGGCTGATGCTGCACCAACTGTATCCATCTTCCCACCATCCAGTGAGCATCGATCGTAAA	STSVGDRVSITCKASQDVSTAVAWYQQKPGQSPKLLIYSASYRYTGVPDRFTGSGSGTDFTFTISSVQAEDLAVYYCQQHYSTPLTFGAGTKLELKRADAAPTVSIFPPSSEHRS	TCKASQDVSTAVAWY	IYSASYRYTGV	YCQQHYSTPLTFG	XXXXXXXXSTAXXXXXXXXXYXXXXXXXXXHYSTXXXXX	processed_data/PDB_structures/RepBuilder/Sample_seq/000075.pdb
76	IGKV6-15	IGKJ5	TCCACATCAGTAGGAGACAGGGTCAGCGTCACCTGCAAGGCCAGTCAGAATGTGGGTACTAATGTAGCCTGGTATCAACAGAAACCAGGGCAATCTCCTAAAGCACTGATTTACTCGGCATCCTACCGGTACAGTGGAGTCCCTGATCGCTTCACAGGCAGTGGATCTGGGACAGATTTCACTCTCACCATCAGCAATGTGCAGTCTGAAGACTTGGCAGAGTATTTCTGTCAGCAATATAACAGCTATCCTCTCACGTTCGGTGCTGGGACCAAGCTGGAGCTGAAACGGGCTGATGCTGCACCAACTGTATCCATCTTCCCACCATCCAGTGAGCATCGATCGAAAC	STSVGDRVSVTCKASQNVGTNVAWYQQKPGQSPKALIYSASYRYSGVPDRFTGSGSGTDFTLTISNVQSEDLAEYFCQQYNSYPLTFGAGTKLELKRADAAPTVSIFPPSSEHRSK	TCKASQNVGTNVAWY	IYSASYRYSGV	FCQQYNSYPLTFG	XXXXXXXXGTNXXXXXXXXXYXXXXXXXXXYNSYXXXXX	processed_data/PDB_structures/RepBuilder/Sample_seq/000076.pdb
77	IGKV10-94	IGKJ5	CCCTGTCTGCCTCTCTGGGAGACAGAGTCACCATCAGTTGCAGTGCAAGTCAGGGCATTAGCAATTATTTAAACTGGTATCAGCAGAAACCAGATGGAACTGTTAAACTCCTGATCTATTACACATCAAGTTTACACTCAGGAGTCCCATCAAGGTTCAGTGGCAGTGGGTCTGGGACAGATTATTCTCTCACCATCAGCAACCTGGAACCTGAAGATATTGCCACTTACTATTGTCAGCAGTATAGTAAGCTTCCGCTCACGTTCGGTGCTGGGACCAAGCTGGAGCTGAAACGGGCTGATGCTGCACCAACTGTATCCATCTTCCCACCATCCAGTGAGCATCGATCGATGA	LSASLGDRVTISCSASQGISNYLNWYQQKPDGTVKLLIYYTSSLHSGVPSRFSGSGSGTDYSLTISNLEPEDIATYYCQQYSKLPLTFGAGTKLELKRADAAPTVSIFPPSSEHRSM	SCSASQGISNYLNWY	IYYTSSLHSGV	YCQQYSKLPLTFG	XXXXXXXXSXYXXXXXYYXXXXXXXXXXXXYSKLXXXXX	processed_data/PDB_structures/RepBuilder/Sample_seq/000077.pdb
78	IGKV1-110	IGKJ2	CTCCACTCTCCCTGCCTGTCAGTCTTGGAGATCAAGCCTCCATCTCTTGCAGATCTAGTCAGAGCCCTGTACACACTAGTGGAAACACCTATTTACATTGGTACCTGCAGAAGCCAGGCCGGTCTCCAAAGCTCCTGATCTATAAAGTTTCCAACCGATTTTCTGGGGTCCCAGACAGGTTCAGTGGCAGTGGATCAGGGACAGATTTCACACTCAAGATCAGCAGAGTGGAGGCTGAGGATCTGGGAGTTTATTTCTGCTCTCAAACTACACATGTTCCGTACACGTTCGGAGGGGGGACCAAGCTGGAAATAAAACGGGCTGATGCTGCACCAACTGTATCCATCTTCCCACCATCCAGTGAGCATCGATCGAGAA	PLSLPVSLGDQASISCRSSQSPVHTSGNTYLHWYLQKPGRSPKLLIYKVSNRFSGVPDRFSGSGSGTDFTLKISRVEAEDLGVYFCSQTTHVPYTFGGGTKLEIKRADAAPTVSIFPPSSEHRSR	SCRSSQSPVHTSGNTYLHWY	IYKVSNRFSGV	FCSQTTHVPYTFG	XXXXXXXXXHTSXNXYXXXXXXKXXXXXXXXXXXXTTHVXYXXX	processed_data/PDB_structures/RepBuilder/Sample_seq/000078.pdb
79	IGKV6-15	IGKJ5	TCCACATCAGTAGGAGACAGGGTCAGCGTCACCTGCAAGGCCAGTCAGAATGTGGGTACTAATGTAGCCTGGTATCAACAGAAACCAGGGCAATCTCCTAAAGCACTGATTTACTCGGCATCCTACCGGTACAGTGGAGTCCCTGATCGCTTCACAGGCAGTGGATCTGGGACAGATTTCACTCTCACCATCAGCAATGTGCAGTCTGAAGACTTGGCAGAGTATTTCTGTCAGCAATATAACAGCTATCCTCTCACGTTCGGTGCTGGGACCAAGCTGGAGCTGAAACGGGCTGATGCTGCACCAACTGTATCCATCTTCCCACCATCCAGTGAGCATCGATCGAGAA	STSVGDRVSVTCKASQNVGTNVAWYQQKPGQSPKALIYSASYRYSGVPDRFTGSGSGTDFTLTISNVQSEDLAEYFCQQYNSYPLTFGAGTKLELKRADAAPTVSIFPPSSEHRSR	TCKASQNVGTNVAWY	IYSASYRYSGV	FCQQYNSYPLTFG	XXXXXXXXGTNXXXXXXXXXYXXXXXXXXXYNSYXXXXX	processed_data/PDB_structures/RepBuilder/Sample_seq/000079.pdb
80	IGKV10-96	IGKJ1	CCCTGTCTGCCTCTCTGGGAGACAGAGTCACCATCAGTTGCAGGGCAAGTCAGGACATTAGCAATTATTTAAACTGGTATCAGCAGAAACCAGATGGAACTGTTAAACTCCTGATCTACTACACATCAAGATTACACTCAGGAGTCCCATCAAGGTTCAGTGGCAGTGGGTCTGGAACAGATTATTCTCTCACCATTAGCAACCTGGAGCAAGAAGATATTGCCACTTACTTTTGCCAACAGGGTAATACGCTTCCTCGGACGTTCGGTGGAGGCACCAAGCTGGAAATCAAACGGGCTGATGCTGCACCAACTGTATCCATCTTCCCACCATCCAGTGAGCATCGATCGAAGA	LSASLGDRVTISCRASQDISNYLNWYQQKPDGTVKLLIYYTSRLHSGVPSRFSGSGSGTDYSLTISNLEQEDIATYFCQQGNTLPRTFGGGTKLEIKRADAAPTVSIFPPSSEHRSK	SCRASQDISNYLNWY	IYYTSRLHSGV	FCQQGNTLPRTFG	XXXXXXXXSXYXXXXXXYXXRXXXXXXXXXGNTLXRXXX	processed_data/PDB_structures/RepBuilder/Sample_seq/000080.pdb
81	IGKV6-23	IGKJ2	TCCACATCAGTAGGAGACAGGGTCAGCATCACCTTCAAGGCCAGTCAGGATGTGGGTACTGCTGTAGCCTGGTATCAACAGAAACCAGGGCAATCTCCTAAACTACTGATTTACTGGGCATCCACCCGGCACACTGGAGTCCCTGATCGCTTCACAGGCAGTGGATCTGGGACAGATTTCACTCTCACCATTAGCAATGTGCAGTCTGAAGACTTGGCAGATTATTTCTGTCAGCAATATAGCAGCTATCCGTACACGTTCGGAGGGGGGACCAAGCTGGAAATAAAACGGGCTGATGCTGCACCAACTGTATCCATCTTCCCACCATCCAGTGAGCATCGATCGGGAT	STSVGDRVSITFKASQDVGTAVAWYQQKPGQSPKLLIYWASTRHTGVPDRFTGSGSGTDFTLTISNVQSEDLADYFCQQYSSYPYTFGGGTKLEIKRADAAPTVSIFPPSSEHRSG	TFKASQDVGTAVAWY	IYWASTRHTGV	FCQQYSSYPYTFG	XXKXXQDXXXXXXXXXXXXXXXXXXXXXXXYSSYXYXXX	processed_data/PDB_structures/RepBuilder/Sample_seq/000081.pdb
82	IGKV4-57	IGKJ2	CTCCAGCAATCATGTCTGCATCTCCAGGGGAGAAGGTCACCATAACCTGCAGTGCCAGCTCAAGTGTAAGTTACATGCACTGGTTCCAGCAGAAGCCAGGCACTTCTCCCAAACTCTGGATTTATAGCACATCCAACCTGGCTTCTGGAGTCCCTGCTCGCTTCAGTGGCAGTGGATCTGGGACCTCTTACTCTCTCACAATCAGCCGAATGGAGGCTGAAGATGCTGCCACTTATTACTGCCAGCAAAGGAGTAGTTACCCACCGTACACGTTCGGAGGGGGGACCAAGCTGGAAATAAAACGGGCTGATGCTGCACCAACTGTATCCATCTTCCCACCATCCAGTGAGCATCGATCGAAAA	PAIMSASPGEKVTITCSASSSVSYMHWFQQKPGTSPKLWIYSTSNLASGVPARFSGSGSGTSYSLTISRMEAEDAATYYCQQRSSYPPYTFGGGTKLEIKRADAAPTVSIFPPSSEHRSK	TCSASSSVSYMHWF	IYSTSNLASGV	YCQQRSSYPPYTFG	XXXXXXXXXYXHXXXXXXXXXXXXXXXXXRSSYXXXXXX	processed_data/PDB_structures/RepBuilder/Sample_seq/000082.pdb
83	IGKV5-39	IGKJ5	CCAGCCACCCTGTCTGTGACTCCAGGAGATAGAGTCTCTCTTTCCTGCAGGGCCAGCCAGAGTATTAGCGACTACTTACACTGGTATCAACAAAAATCACATGAGTCTCCAAGGCTTCTCATCAAATATGCTTCCCAATCCATCTCTGGGATCCCCTCCAGGTTCAGTGGCAGTGGATCAGGGTCAGATTTCACTCTCAGTATCAACAGTGTGGAACCTGAAGATGTTGGAGTGTATTACTGTCAAAATGGTCACAGCTTTCCGCTCACGTTCGGTGCTGGGACCAAGCTGGAGCTGAAACGGGCTGATGCTGCACCAACTGTATCCATCTTCCCACCATCCAGTGAGCATCGATCGCAGA	PATLSVTPGDRVSLSCRASQSISDYLHWYQQKSHESPRLLIKYASQSISGIPSRFSGSGSGSDFTLSINSVEPEDVGVYYCQNGHSFPLTFGAGTKLELKRADAAPTVSIFPPSSEHRSQ	SCRASQSISDYLHWY	IKYASQSISGI	YCQNGHSFPLTFG	XXXXXXXXSXYXXXXXXYXXXXXXXXXXXXGHSFXXXXX	processed_data/PDB_structures/RepBuilder/Sample_seq/000083.pdb
84	IGKV10-94	IGKJ5	CCCTGTCTGCCTCTCTGGGAGACAGAGTCACCATCAGTTGCAGTGTAAGTCAGGGCATTAGCAATTATTTAAACTGGTATCAGCAGAAACCAGATGGAACTGTTAAACTCCTGATCTATTACACATCAAGTTTACACTCAGGAGTCCCATCAAGGTTCAGTGGCAGTGGGTCTGGGACAGATTATTCTCTCACCATCAGCAACCTGGAACCTGAAGATATTGCCACTTACTATTGTCAGCAGTATAGTAAGCTTCCGCTCACGTTCGGTGCTGGGACCAAGCTGGAGCTGAAACGGGCTGATGCTGCACCAACTGTATCCATCTTCCCACCATCCAGTGAGCATCGATCGAACA	LSASLGDRVTISCSVSQGISNYLNWYQQKPDGTVKLLIYYTSSLHSGVPSRFSGSGSGTDYSLTISNLEPEDIATYYCQQYSKLPLTFGAGTKLELKRADAAPTVSIFPPSSEHRSN	SCSVSQGISNYLNWY	IYYTSSLHSGV	YCQQYSKLPLTFG	XXXXXXXXSNYXXXXXYYXXXXXXXXXXXXYSKLXXXXX	processed_data/PDB_structures/RepBuilder/Sample_seq/000084.pdb
85	IGKV10-96	IGKJ4	CCCCACATCAGTAGGAGACAGGGTCACCATCAGTTGCAGGGCAAGTCAGGACATTAGCAATTATTTAAACTGGTATCAGCAGAAACCAGATGGAACTGTTAAACTCCTGATCTACTACACATCAAGATTACACTCAGGAGTCCCATCAAGGTTCAGTGGCAGTGGGTCTGGAACAGATTATTCTCTCACCATTAGCAACCTGGAGCAAGAAGATATTGCCACTTACTTTTGCCAACAGGGTAATACGCTTCCATTCACGTTTGGCTCGGGGACAAAGTTGGAAATAAAACGGGCTGATGCTGCACCAACTGTATCCATCTTCCCACCATCCAGTGAGCATCGATCGTAAA	PTSVGDRVTISCRASQDISNYLNWYQQKPDGTVKLLIYYTSRLHSGVPSRFSGSGSGTDYSLTISNLEQEDIATYFCQQGNTLPFTFGSGTKLEIKRADAAPTVSIFPPSSEHRS	SCRASQDISNYLNWY	IYYTSRLHSGV	FCQQGNTLPFTFG	XXXXXXXXSXYXXXXXXYXXRXXXXXXXXXGNTLXFXXX	processed_data/PDB_structures/RepBuilder/Sample_seq/000085.pdb
86	IGKV12-41	IGKJ1	CAGCCTCCCTATCTGCATCTGTGGGAGAAACTGTCACCATCACATGTCGAGCAAGTGGGAATATTCACAATTATTTAGCATGGTATCAGCAGAAACAGGGAAAATCTCCTCAGCTCCTGGTCTATAATGCAAAAACCTTAGCAGATGGTGTGCCATCAAGGTTCAGTGGCAGTGGATCAGGAACACAATATTCTCTCAAGATCAACAGCCTGCAGCCTGAAGATTTTGGGAGTTATTACTGTCAACATTTTTGGAGTACTTGGACGTTCGGTGGAGGCACCAAGCTGGAAATCAAACGGGCTGATGCTGCACCACCTGTACCCATCTTCCCACCATCCAGTGAGCATCGATCGGCGAA	ASLSASVGETVTITCRASGNIHNYLAWYQQKQGKSPQLLVYNAKTLADGVPSRFSGSGSGTQYSLKINSLQPEDFGSYYCQHFWSTWTFGGGTKLEIKRADAAPPVPIFPPSSEHRSA	TCRASGNIHNYLAWY	VYNAKTLADGV	YCQHFWSTWTFG	XXXXXXXXHNYXXXXXXNXXXXXXXXXXXXFWSXWXXX	processed_data/PDB_structures/RepBuilder/Sample_seq/000086.pdb
87	IGKV6-17	IGKJ1	TCCACCTCAGGTAGGAGACAGGGTCAGTATCACCTGCAAGGCCAGTCAGGATGTGACTACTGCTGTAGCCTGGTATCAACAGAAACCAGGACAATCTCCTAAACTACTGATTTACTCGGCATCCTACCGGTTCACTGGAGTCCCTGATCGCTTCACTGGCAGTGGATCTGGGACGGATTTCACTTTCACCATCAGCAGTGTGCAGGCTGAAGACCTGGCAGTTTATTACTGTCACCAACATTATAGTACTCCGTGGACGTTCGGTGGAGGCACCAAGCTGGAAATCAAGCGGGCTGATGCTGCACCAACTGTATCCATCTTCCCACCATCCAGTGAGCATCGATCGTAAT	PPQVGDRVSITCKASQDVTTAVAWYQQKPGQSPKLLIYSASYRFTGVPDRFTGSGSGTDFTFTISSVQAEDLAVYYCHQHYSTPWTFGGGTKLEIKRADAAPTVSIFPPSSEHRS	TCKASQDVTTAVAWY	IYSASYRFTGV	YCHQHYSTPWTFG	XXXXXXXXTTAXXXXXYSXXYXXXXXXXXXHYSTXWXXX	processed_data/PDB_structures/RepBuilder/Sample_seq/000087.pdb
88	IGKV1-110	IGKJ2	CTCCACTCTCCCTGCCTGTCAGTCTTGGAGATCAAGCCTCCATCTTTTGCAGATCTAGTCAGAGCCTTGTACACAGTAATGGAAACACCTATTTACATTGGTTCCTGCAGAAGCCAGACCAGTCTCCAAAGCTCCTGATCTACAAGGTTTCCAACCGACTTTCTGAGGTCCCCGACAGGTTCAGTGGCAGTGGATCAGGGACAGATTTCACACTCAAGATCAGCAGAGTGGAGGCTGAGGATCTGGGAGTTTATTTCTGCTCTCAAAGTGCACATTTTCCGTACACGTTCGGCGGGGGGACCAAGCTGGAAATAAAACGGGCTGATGCTGCACCAACTGTATCCATCTTCCCACCATCCAGTGAGCATCGATCGATAT	PLSLPVSLGDQASIFCRSSQSLVHSNGNTYLHWFLQKPDQSPKLLIYKVSNRLSEVPDRFSGSGSGTDFTLKISRVEAEDLGVYFCSQSAHFPYTFGGGTKLEIKRADAAPTVSIFPPSSEHRSI	FCRSSQSLVHSNGNTYLHWF	IYKVSNRLSEV	FCSQSAHFPYTFG	XXXXXXXXXHSNXNXYXXXXXXKXXXXXXXXXXXXSAHFXYXXX	processed_data/PDB_structures/RepBuilder/Sample_seq/000088.pdb
89	IGKV6-15	IGKJ5	TCCACATCAGTAGGAGACAGGGTCAGCGTCACCTGCAAGGCCAGTCAGAATGTGGGTACTAATGTAGCCTGGTATCAACAGAAACCAGGGCAATCTCCTAAAGCACTGATTTACTCGGCATCCTACCGGTACAGTGGAGTCCCTGATCGCTTCACAGGCAGTGGATCTGGGACAGATTTCACTCTCACCATCAGCAATGTGCAGTCTGAAGACTTGGCAGAGTATTTCTGTCAGCAATATAACAGCTATCCTCTCACGTTCGGTGCTGGGACCAAGCTGGAGCTGAAACGGGCTGATGCTGCACCAACTGTATCCATCTTCCCACCATCCAGTGAGCATCGATCGAGAA	STSVGDRVSVTCKASQNVGTNVAWYQQKPGQSPKALIYSASYRYSGVPDRFTGSGSGTDFTLTISNVQSEDLAEYFCQQYNSYPLTFGAGTKLELKRADAAPTVSIFPPSSEHRSR	TCKASQNVGTNVAWY	IYSASYRYSGV	FCQQYNSYPLTFG	XXXXXXXXGTNXXXXXXXXXYXXXXXXXXXYNSYXXXXX	processed_data/PDB_structures/RepBuilder/Sample_seq/000089.pdb
90	IGKV6-23	IGKJ5	TCCACATCAGTAGGAGACAGGGTCAGCATCACCTGCAAGGCCAGTCAGGATGTGGGTACTGCTGTAGCCTGGTATCAACAGAAACCAGGGCAATCTCCTAAACTACTGATTTACTGGGCATCCACCCGGCACACTGGAGTCCCTGATCGCTTCACAGGCAGTGGATCTGGGACAGATTTCACTCTCACCATTAGCAATGTGCAGTCTGAAGACTTGGCAGATTATTTCTGTCAGCAATATAGCAGCTATCCTCTCACGTTCGGTGCTGGGACCAAGCTGGAGCTGAAACGGGCTGATGCTGCACCAACTGTATCCATCTTCCCACCATCCAGTGAGCATCGATCGTCAA	STSVGDRVSITCKASQDVGTAVAWYQQKPGQSPKLLIYWASTRHTGVPDRFTGSGSGTDFTLTISNVQSEDLADYFCQQYSSYPLTFGAGTKLELKRADAAPTVSIFPPSSEHRSS	TCKASQDVGTAVAWY	IYWASTRHTGV	FCQQYSSYPLTFG	XXXXXXXXGTAXXXXXXXXXXXXXXXXXXXYSSYXXXXX	processed_data/PDB_structures/RepBuilder/Sample_seq/000090.pdb
91	IGKV3-5	IGKJ5	GCTGTGTCTCTAGGGCAGAGGGCCACCATATCCTGCAGAGCCAGTGAAAGTGTTGATAGTTATGGCAATAGTTTTATGCACTGGTACCAGCAGAAACCAGGACAGCCACCCAAACTCCTCATCTATCGTGCATCCAACCTAGAATCTGGGATCCCTGCCAGGTTCAGTGGCAGTGGGTCTAGGACAGACTTCACCCTCACCATTAATCCTGTGGAGGCTGATGATGTTGCAACCTATTACTGTCAGCAAAGTAATGAGGATCCGCTCACGTTCGGTGCTGGGACCAAGCTGGAGCTGAAACGGGCTGATGCTACACCAACTGTATCCATCTTCCCACCATCCAGTGAGCATCGATCGGATA	AVSLGQRATISCRASESVDSYGNSFMHWYQQKPGQPPKLLIYRASNLESGIPARFSGSGSRTDFTLTINPVEADDVATYYCQQSNEDPLTFGAGTKLELKRADATPTVSIFPPSSEHRSD	SCRASESVDSYGNSFMHWY	IYRASNLESGI	YCQQSNEDPLTFG	XXXXXXXXXSYGNXFXXXXXXRXXXXXXXXXXXXSNEDXXXXX	processed_data/PDB_structures/RepBuilder/Sample_seq/000091.pdb
92	IGKV6-17	IGKJ1	TCCACATCAGTAGGAGACAGGGTCAGCATCACCTGCAAGGCCAGTCAGGATGTGAGTACTGCTGTAGCCTGGTATCAACAAAAACCAGGGCAATCTCCTAAACTACTGATTTACTGGGCATCCACCCGGCACACTGGAGTCCCTGATCGCTTCACAGGCAGTGGATCTGGGACAGATTATACTCTCACCATCAGCAGTGTGCAGGCTGAAGACCTGGCACTTTATTACTGTCAGCAACATTATAGCACTCCTCGGACGTTCGGTGGAGGCACCAAGCTGGAAATCAAACGGGCTGATGCTGCACCAACTGTATCCATCTTCCCACCATCCAGTGAGCATCGATCGGAAA	STSVGDRVSITCKASQDVSTAVAWYQQKPGQSPKLLIYWASTRHTGVPDRFTGSGSGTDYTLTISSVQAEDLALYYCQQHYSTPRTFGGGTKLEIKRADAAPTVSIFPPSSEHRSE	TCKASQDVSTAVAWY	IYWASTRHTGV	YCQQHYSTPRTFG	XXXXXXXXSTAXXXXXXXXXXXXXXXXXXXHYSTXRXXX	processed_data/PDB_structures/RepBuilder/Sample_seq/000092.pdb
93	IGKV6-15	IGKJ1	TCCACATCAGTAGGAGACAGGGTCAGCGTCACCTGCAAGGCCAGTCAGAATGTGGGTACTAATGTAGCCTGGTATCAACAGAAACCAGGGCAATCTCCTAAAGCACTGATTTACTCGGCATCCTACCGGTACAGTGGAGTCCCTGATCGCTTCACAGGCAGTGGATCTGGGACAGATTTCACTCTCACCATCAGCAATGTGCAGTCTGAAGACTTGGCAGAGTATTTCTGTCAGCAATATAACAGCTATCCTCTGACGTTCGGTGGAGGCACCAAGCTGGAAATCAAACGGGCTGATGCTGCACCAACTGTATCCATCTTCCCACCATCCAGTGAGCATCGATCGAAGA	STSVGDRVSVTCKASQNVGTNVAWYQQKPGQSPKALIYSASYRYSGVPDRFTGSGSGTDFTLTISNVQSEDLAEYFCQQYNSYPLTFGGGTKLEIKRADAAPTVSIFPPSSEHRSK	TCKASQNVGTNVAWY	IYSASYRYSGV	FCQQYNSYPLTFG	XXXXXXXXGTNXXXXXXXXXYXXXXXXXXXYNSYXXXXX	processed_data/PDB_structures/RepBuilder/Sample_seq/000093.pdb
94	IGKV3-1	IGKJ1	GCTGTGTCTCTAGGGCAGAGAGTCACCATCTCCTGCAGAGCCAGTGAAAGTGTTGAATATTATGGCACAAGTTTGATGCAGTGGTACCAACAGATACCAGGACAGTCACCCAAACTCCTCATCTATGCTGCATCCAACGTAGAATCTGGGGTCCCTGCCAGGTTTAGTGGCAGTGGGTCTGGGACAGACTTCAGCCTCAACATCCATCCTGTGGAGGAGGATGATATTGCAATGTATATCTGTCAGCAAAGTAGGAAGGTTCCTTGGACGTTCGGTGGAGGCACCAAGCTGGAAATCAAACGGGCTGATGCTGCACCAACTGTATCCATCTTCCCACCATCCAGTGAGCATCGATCGTGAA	AVSLGQRVTISCRASESVEYYGTSLMQWYQQIPGQSPKLLIYAASNVESGVPARFSGSGSGTDFSLNIHPVEEDDIAMYICQQSRKVPWTFGGGTKLEIKRADAAPTVSIFPPSSEHRS	SCRASESVEYYGTSLMQWY	IYAASNVESGV	ICQQSRKVPWTFG	XXXXXXXXXYYGTXXXXXXXXXXXXXXXXXXXQXSRKVXWXXX	processed_data/PDB_structures/RepBuilder/Sample_seq/000094.pdb
95	IGKV10-96	IGKJ1	CCCTGTCTGCCTCTCTGGGAGACAGAGTCACCATCAGTTGCAGGGCAAGTCAGGACATTAGCAATTATTTAAACTGGTATCAGCAGAAACCAGATGGAACTGTTAAACTCCTGATCTACTACACATCAAGATTACACTCAGGAGTCCCATCAAGGTTCAGTGGCAGTGGGTCTGGAACAGATTATTCTCTCACCATTAGCAACCTGGAGCAAGAAGATATTGCCACTTACTTTTGCCAACAGGGTAATACGCTTCCTCGGACGTTCGGTGGAGGCACCAAGCTGGAAATCAAACGGGCTGATGCTGCACCAACTGTATCCATCTTCCCACCATCCAGTGAGCATCGATCGGAAA	LSASLGDRVTISCRASQDISNYLNWYQQKPDGTVKLLIYYTSRLHSGVPSRFSGSGSGTDYSLTISNLEQEDIATYFCQQGNTLPRTFGGGTKLEIKRADAAPTVSIFPPSSEHRSE	SCRASQDISNYLNWY	IYYTSRLHSGV	FCQQGNTLPRTFG	XXXXXXXXSXYXXXXXXYXXRXXXXXXXXXGNTLXRXXX	processed_data/PDB_structures/RepBuilder/Sample_seq/000095.pdb
96	IGKV4-70	IGKJ2	CTCCAGCAATCATGTCTGCATCTCCAGGGGAGAAGGTCACCGTGACCTGCAGTGCCAGCTCAAGTGTAAGTTACATGCACTGGTATCAACAGAAGCCAGGCACCTCCCCCAAAACATGGATTTTTGACACATCCAAACTGGCTTCTGGAGTCCCTGATCGCTTCAGTGGCAGTGGGTTTGGGACCTCTTATTCTCTCACAATCAATCGCATGGAGGCTGAAGATGCTGCCACTTATTACTGCCATCAGCGGACTAGTTACCCATACACGTTCGGAGGGGGGACCAAGCTGGAAATAAAACGGGCTGATGCTGCACCAACTGTATCCATCTTCCCACCATCCAGTGAGCATCGATCGATTA	PAIMSASPGEKVTVTCSASSSVSYMHWYQQKPGTSPKTWIFDTSKLASGVPDRFSGSGFGTSYSLTINRMEAEDAATYYCHQRTSYPYTFGGGTKLEIKRADAAPTVSIFPPSSEHRSI	TCSASSSVSYMHWY	IFDTSKLASGV	YCHQRTSYPYTFG	XXXXXXXXXYXXXXXXDXXXXXXXXXXXXRTSYXYXXX	processed_data/PDB_structures/RepBuilder/Sample_seq/000096.pdb
97	IGKV6-15	IGKJ1	TCCACATCAGTAGGAGACAGGGTCAGCGTCACCTGCAAGGCCAGTCAGAATGTGGGTACTAATGTAGCCTGGTATCAACAGAAACCAGGGCAATCTCCTAAAGCACTGATTTACTCGGCATCCTACCGGTACAGTGGAGTCCCTGATCGCTTCACAGGCAGTGGATCTGGGACAGATTTCACTCTCACCATCAGCAATGTGCAGTCTGAAGACTTGGCAGAGTATTTCTGTCAGCAATATAACAGCTATCCTCTGACGTTCGGTGGAGGCACCAAGCTGGAAATCAAACGGGCTGATGCTGCACCAACTGTATCCATCTTCCCACCATCCAGTGAGCATCGATCGATTA	STSVGDRVSVTCKASQNVGTNVAWYQQKPGQSPKALIYSASYRYSGVPDRFTGSGSGTDFTLTISNVQSEDLAEYFCQQYNSYPLTFGGGTKLEIKRADAAPTVSIFPPSSEHRSI	TCKASQNVGTNVAWY	IYSASYRYSGV	FCQQYNSYPLTFG	XXXXXXXXGTNXXXXXXXXXYXXXXXXXXXYNSYXXXXX	processed_data/PDB_structures/RepBuilder/Sample_seq/000097.pdb
98	IGKV10-94	IGKJ1	CCCTGTCTGCCTCTCTGGGAGACAGAGTCACCATCAGTTGCAGGGCAAGTGAGGACATTAGCACTTATTTAAACTGGTATCAGCAGAAACCAGATGGAACTGTTAAACTCCTGATCTATTACACATCAGGATTACACTCAGGAGTCCCATCAAGGTTCAGTGGCAGTGGGTCTGGGGCAGATTATTCTCTCACCATCAGCAACCTGGAACCTGAAGATATTGCCACTTACTATTGTCAGCAGTATAGTAAGCTTCCTCCGACGTTCGGTGGAGGCACCAAGCTGGAAATCAAACGGGCTGATGCTGCACCAACTGTATCCATCTTCCCACCATCCAGTGAGCATCGATCGAGAA	LSASLGDRVTISCRASEDISTYLNWYQQKPDGTVKLLIYYTSGLHSGVPSRFSGSGSGADYSLTISNLEPEDIATYYCQQYSKLPPTFGGGTKLEIKRADAAPTVSIFPPSSEHRSR	SCRASEDISTYLNWY	IYYTSGLHSGV	YCQQYSKLPPTFG	XXXXXXXXSXYXXXXXYYXXXXXXXXXXXXYSKLXXXXX	processed_data/PDB_structures/RepBuilder/Sample_seq/000098.pdb
99	IGKV10-96	IGKJ5	CCCTGTCTGCCTCTCTGGGAGACAGAGTCACCATCAGTTGCAGGGCAAGTCAGGACATTAGCAATTATTTAAACTGGTATCAGCAGAAACCAGATGGAACTGTTAAACTCCTGATCTACTACACATCAAGATTACACTCAGGAGTCCCATCAAGGTTCAGTGGCAGTGGGTCTGGAACAGATTATTCTCTCACCATTAGCAACCTGGAGCAAGAAGATATTGCCACTTACTTTTGCCAACAGGGTAATACGCTTCCTCTCACGTTCGGTGCTGGGACCAAGCTGGAGCTGAAACGGGCTGATGCTGCACCAACTGTATCCATCTTCCCACCATCCAGTGAGCATCGATCGTTAC	LSASLGDRVTISCRASQDISNYLNWYQQKPDGTVKLLIYYTSRLHSGVPSRFSGSGSGTDYSLTISNLEQEDIATYFCQQGNTLPLTFGAGTKLELKRADAAPTVSIFPPSSEHRSL	SCRASQDISNYLNWY	IYYTSRLHSGV	FCQQGNTLPLTFG	XXXXXXXXSXYXXXXXXYXXRXXXXXXXXXGNTLXXXXX	processed_data/PDB_structures/RepBuilder/Sample_seq/000099.pdb
